oneid,choice,profit,variable,round,marketmaker,role,numtrans,marginalbid,marginalask,time
1005,17,0,14,1,gain,seller,15,12,12,2021-01-15 11:30:51
1005,10,-2,14,2,gain,seller,17,12,12,2021-01-15 11:36:22
1005,14,0,14,3,gain,seller,13,12,12,2021-01-15 11:37:45
1005,15,0,14,4,gain,seller,17,12,12,2021-01-15 11:40:17
1005,20,0,14,5,gain,seller,14,13,12,2021-01-15 11:41:38
1005,15,0,14,6,gain,seller,16,13,13,2021-01-15 11:43:35
1005,14,0,14,7,gain,seller,16,13,13,2021-01-15 11:46:02
1005,14,0,14,8,gain,seller,15,13,13,2021-01-15 11:47:47
1005,15,0,14,9,gain,seller,14,13,13,2021-01-15 11:49:32
1005,15,0,14,10,gain,seller,13,13,13,2021-01-15 11:51:21
1005,13,3,11,11,loss,seller,12,14,14,2021-01-15 11:53:25
1005,14,3,11,12,loss,seller,16,14,14,2021-01-15 11:55:25
1005,14,3,11,13,loss,seller,17,14,14,2021-01-15 11:57:51
1005,14,3,11,14,loss,seller,14,14,14,2021-01-15 11:59:22
1005,14,3,11,15,loss,seller,17,14,14,2021-01-15 12:01:41
1005,14,3,11,16,loss,seller,17,14,14,2021-01-15 12:03:22
1005,14,3,11,17,loss,seller,17,14,14,2021-01-15 12:05:26
1005,14,3,11,18,loss,seller,17,14,14,2021-01-15 12:07:30
1005,14,3,11,19,loss,seller,17,14,14,2021-01-15 12:09:36
1005,14,3,11,20,loss,seller,18,14,14,2021-01-15 12:11:30
5925,14,0,10,1,loss,seller,8,10,10,2021-01-15 11:30:31
5925,12,0,10,2,loss,seller,6,10,10,2021-01-15 11:36:27
5925,10,4,10,3,loss,seller,5,14,10,2021-01-15 11:38:07
5925,12,4,10,4,loss,seller,5,14,12,2021-01-15 11:39:27
5925,13.5,4,10,5,loss,seller,7,14,13.5,2021-01-15 11:41:46
5925,14,4,10,6,loss,seller,8,14,14,2021-01-15 11:44:26
5925,14,4,10,7,loss,seller,8,14,14,2021-01-15 11:45:41
5925,14,4,10,8,loss,seller,6,14,14,2021-01-15 11:47:36
5925,15,0,10,9,loss,seller,7,14,14,2021-01-15 11:49:40
5925,14,4,10,10,loss,seller,7,14,14,2021-01-15 11:51:40
5925,14.1,0,7,11,gain,seller,4,12.8,10,2021-01-15 11:53:52
5925,12,0,7,12,gain,seller,8,10,10,2021-01-15 11:55:57
5925,9,3,7,13,gain,seller,9,10,10,2021-01-15 11:57:37
5925,11,0,7,14,gain,seller,8,10,10,2021-01-15 11:59:40
5925,10,3,7,15,gain,seller,8,10,10,2021-01-15 12:01:21
5925,10,3,7,16,gain,seller,7,10,10,2021-01-15 12:03:38
5925,10,3,7,17,gain,seller,9,10,10,2021-01-15 12:05:27
5925,10,3,7,18,gain,seller,8,10,10,2021-01-15 12:07:21
5925,10,3,7,19,gain,seller,8,10,10,2021-01-15 12:09:23
5925,10,3,7,20,gain,seller,9,10,10,2021-01-15 12:11:24
6490,20,7,17,1,loss,buyer,8,10,10,2021-01-15 11:30:52
6490,15,7,17,2,loss,buyer,6,10,10,2021-01-15 11:35:45
6490,18,7,17,3,loss,buyer,6,13,10,2021-01-15 11:37:22
6490,8,0,17,4,loss,buyer,5,14,12,2021-01-15 11:39:29
6490,22,3.5,17,5,loss,buyer,7,14,13.5,2021-01-15 11:41:19
6490,12,0,17,6,loss,buyer,8,14,14,2021-01-15 11:43:18
6490,7,0,17,7,loss,buyer,8,14,14,2021-01-15 11:45:23
6490,14,3,17,8,loss,buyer,6,14,14,2021-01-15 11:47:22
6490,15,3,17,9,loss,buyer,7,14,14,2021-01-15 11:49:31
6490,20,3,17,10,loss,buyer,7,14,14,2021-01-15 11:51:15
6490,25,13,27,11,loss,buyer,12,14,14,2021-01-15 11:53:13
6490,25,13,27,12,loss,buyer,15,14,14,2021-01-15 11:55:15
6490,23,13,27,13,loss,buyer,17,14,14,2021-01-15 11:57:12
6490,28,13,27,14,loss,buyer,14,14,14,2021-01-15 11:59:16
6490,30,13,27,15,loss,buyer,17,14,14,2021-01-15 12:01:34
6490,25,13,27,16,loss,buyer,17,14,14,2021-01-15 12:03:40
6490,25,13,27,17,loss,buyer,17,14,14,2021-01-15 12:05:36
6490,23,13,27,18,loss,buyer,17,14,14,2021-01-15 12:07:37
6490,18,13,27,19,loss,buyer,17,14,14,2021-01-15 12:09:37
6490,23,13,27,20,loss,buyer,18,14,14,2021-01-15 12:11:25
6685,9,0,14,1,loss,buyer,8,10,10,2021-01-15 11:32:38
6685,9,0,14,2,loss,buyer,6,10,10,2021-01-15 11:35:20
6685,14,4,14,3,loss,buyer,5,14,10,2021-01-15 11:37:29
6685,14,2,14,4,loss,buyer,5,14,12,2021-01-15 11:39:19
6685,14,0.5,14,5,loss,buyer,7,14,13.5,2021-01-15 11:41:21
6685,14,0,14,6,loss,buyer,8,14,14,2021-01-15 11:43:14
6685,14,0,14,7,loss,buyer,8,14,14,2021-01-15 11:45:16
6685,0,0,14,8,loss,buyer,6,14,14,2021-01-15 11:47:19
6685,0,0,14,9,loss,buyer,7,14,14,2021-01-15 11:49:11
6685,0,0,14,10,loss,buyer,7,14,14,2021-01-15 11:51:22
6685,10,0,23,11,gain,buyer,4,12.8,10,2021-01-15 11:53:18
6685,10,13,23,12,gain,buyer,8,10,10,2021-01-15 11:55:36
6685,10,13,23,13,gain,buyer,9,10,10,2021-01-15 11:57:22
6685,10,13,23,14,gain,buyer,8,10,10,2021-01-15 11:59:13
6685,10,13,23,15,gain,buyer,8,10,10,2021-01-15 12:01:20
6685,10,13,23,16,gain,buyer,7,10,10,2021-01-15 12:03:18
6685,10,13,23,17,gain,buyer,8,10,10,2021-01-15 12:05:15
6685,10,13,23,18,gain,buyer,8,10,10,2021-01-15 12:07:16
6685,10,13,23,19,gain,buyer,8,10,10,2021-01-15 12:09:15
6685,10,13,23,20,gain,buyer,8,10,10,2021-01-15 12:11:13
7543,12,-2,10,1,gain,buyer,15,12,12,2021-01-15 11:30:55
7543,15,-2,10,2,gain,buyer,17,12,12,2021-01-15 11:36:15
7543,14,-2,10,3,gain,buyer,13,12,12,2021-01-15 11:38:24
7543,12,-2,10,4,gain,buyer,17,12,12,2021-01-15 11:40:05
7543,5,0,10,5,gain,buyer,14,13,12,2021-01-15 11:41:40
7543,9.5,0,10,6,gain,buyer,16,13,13,2021-01-15 11:43:49
7543,9.5,0,10,7,gain,buyer,16,13,13,2021-01-15 11:46:09
7543,10.5,0,10,8,gain,buyer,15,13,13,2021-01-15 11:47:45
7543,13,-3,10,9,gain,buyer,14,13,13,2021-01-15 11:49:55
7543,9,0,10,10,gain,buyer,13,13,13,2021-01-15 11:51:46
7543,20,4,18,11,loss,buyer,12,14,14,2021-01-15 11:54:07
7543,23,4,18,12,loss,buyer,16,14,14,2021-01-15 11:55:38
7543,23,4,18,13,loss,buyer,17,14,14,2021-01-15 11:57:19
7543,23,4,18,14,loss,buyer,14,14,14,2021-01-15 11:59:14
7543,23,4,18,15,loss,buyer,17,14,14,2021-01-15 12:01:23
7543,23,4,18,16,loss,buyer,17,14,14,2021-01-15 12:03:23
7543,23,4,18,17,loss,buyer,17,14,14,2021-01-15 12:05:11
7543,23,4,18,18,loss,buyer,17,14,14,2021-01-15 12:07:34
7543,23,4,18,19,loss,buyer,17,14,14,2021-01-15 12:09:15
7543,23,4,18,20,loss,buyer,18,14,14,2021-01-15 12:11:15
9410,10,6,6,1,gain,seller,15,12,12,2021-01-15 11:30:30
9410,10,6,6,2,gain,seller,17,12,12,2021-01-15 11:35:48
9410,13,0,6,3,gain,seller,13,12,12,2021-01-15 11:38:21
9410,9,6,6,4,gain,seller,17,12,12,2021-01-15 11:39:59
9410,10,6,6,5,gain,seller,14,13,12,2021-01-15 11:42:20
9410,11,7,6,6,gain,seller,16,13,13,2021-01-15 11:44:20
9410,12,7,6,7,gain,seller,16,13,13,2021-01-15 11:45:28
9410,12,7,6,8,gain,seller,15,13,13,2021-01-15 11:47:27
9410,12,7,6,9,gain,seller,14,13,13,2021-01-15 11:49:36
9410,12.9,7,6,10,gain,seller,13,13,13,2021-01-15 11:51:55
9410,12.8,13.2,26,11,gain,buyer,4,12.8,10,2021-01-15 11:53:59
9410,15,16,26,12,gain,buyer,8,10,10,2021-01-15 11:56:12
9410,13,16,26,13,gain,buyer,9,10,10,2021-01-15 11:57:37
9410,12,16,26,14,gain,buyer,8,10,10,2021-01-15 12:00:00
9410,12,16,26,15,gain,buyer,9,10,10,2021-01-15 12:01:44
9410,11,16,26,16,gain,buyer,8,10,10,2021-01-15 12:03:35
9410,10.1,16,26,17,gain,buyer,9,10,10,2021-01-15 12:05:47
9410,10.1,16,26,18,gain,buyer,9,10,10,2021-01-15 12:07:46
9410,10.1,16,26,19,gain,buyer,8,10,10,2021-01-15 12:09:36
9410,10.1,16,26,20,gain,buyer,9,10,10,2021-01-15 12:12:11
9535,12,-3,15,1,gain,seller,15,12,12,2021-01-15 11:31:16
9535,12,-3,15,2,gain,seller,17,12,12,2021-01-15 11:36:39
9535,13,0,15,3,gain,seller,13,12,12,2021-01-15 11:37:41
9535,12,-3,15,4,gain,seller,17,12,12,2021-01-15 11:39:53
9535,12,-3,15,5,gain,seller,14,13,12,2021-01-15 11:41:39
9535,13,-2,15,6,gain,seller,16,13,13,2021-01-15 11:43:41
9535,14,0,15,7,gain,seller,16,13,13,2021-01-15 11:45:49
9535,13,-2,15,8,gain,seller,15,13,13,2021-01-15 11:47:39
9535,15,0,15,9,gain,seller,14,13,13,2021-01-15 11:49:42
9535,13,-2,15,10,gain,seller,13,13,13,2021-01-15 11:51:28
9535,13,0,1,11,gain,seller,4,12.8,10,2021-01-15 11:53:47
9535,10,9,1,12,gain,seller,8,10,10,2021-01-15 11:55:27
9535,10,9,1,13,gain,seller,9,10,10,2021-01-15 11:57:25
9535,10,9,1,14,gain,seller,8,10,10,2021-01-15 11:59:29
9535,10,9,1,15,gain,seller,8,10,10,2021-01-15 12:01:29
9535,10,9,1,16,gain,seller,7,10,10,2021-01-15 12:03:26
9535,10,9,1,17,gain,seller,8,10,10,2021-01-15 12:05:33
9535,10,9,1,18,gain,seller,9,10,10,2021-01-15 12:07:24
9535,10,9,1,19,gain,seller,8,10,10,2021-01-15 12:09:21
9535,10,9,1,20,gain,seller,8,10,10,2021-01-15 12:11:18
10403,7,4,8,1,gain,seller,15,12,12,2021-01-15 11:30:40
10403,12,4,8,2,gain,seller,17,12,12,2021-01-15 11:36:19
10403,16,0,8,3,gain,seller,13,12,12,2021-01-15 11:37:23
10403,11,4,8,4,gain,seller,17,12,12,2021-01-15 11:39:26
10403,12,4,8,5,gain,seller,14,13,12,2021-01-15 11:42:04
10403,15,0,8,6,gain,seller,16,13,13,2021-01-15 11:43:38
10403,13,5,8,7,gain,seller,16,13,13,2021-01-15 11:45:59
10403,13,5,8,8,gain,seller,15,13,13,2021-01-15 11:47:42
10403,14,0,8,9,gain,seller,14,13,13,2021-01-15 11:49:46
10403,13,5,8,10,gain,seller,13,13,13,2021-01-15 11:51:39
10403,13,6,8,11,loss,seller,12,14,14,2021-01-15 11:53:49
10403,14,6,8,12,loss,seller,16,14,14,2021-01-15 11:55:58
10403,14,6,8,13,loss,seller,17,14,14,2021-01-15 11:57:23
10403,14,6,8,14,loss,seller,14,14,14,2021-01-15 11:59:30
10403,14,6,8,15,loss,seller,17,14,14,2021-01-15 12:01:28
10403,14,6,8,16,loss,seller,17,14,14,2021-01-15 12:03:47
10403,14,6,8,17,loss,seller,17,14,14,2021-01-15 12:05:32
10403,14,6,8,18,loss,seller,17,14,14,2021-01-15 12:07:39
10403,15,0,8,19,loss,seller,17,14,14,2021-01-15 12:09:36
10403,14,6,8,20,loss,seller,18,14,14,2021-01-15 12:11:39
13226,3,9,1,1,loss,seller,8,10,10,2021-01-15 11:30:34
13226,10,NA,1,2,loss,seller,NA,NA,NA,2021-01-15 11:36:18
13310,0,0,20,1,loss,buyer,8,10,10,2021-01-15 11:34:01
13310,8,0,20,2,loss,buyer,6,10,10,2021-01-15 11:37:23
13310,5,0,20,3,loss,buyer,6,13,10,2021-01-15 11:38:17
13310,8,0,20,4,loss,buyer,5,14,12,2021-01-15 11:39:50
13310,9,0,20,5,loss,buyer,7,14,13,2021-01-15 11:41:36
13310,9,0,20,6,loss,buyer,8,14,14,2021-01-15 11:43:27
13310,11,0,20,7,loss,buyer,8,14,14,2021-01-15 11:45:19
13310,10,0,20,8,loss,buyer,6,14,14,2021-01-15 11:47:31
13310,10,0,20,9,loss,buyer,7,14,14,2021-01-15 11:49:51
13310,10,0,20,10,loss,buyer,7,14,14,2021-01-15 11:51:26
13310,15,0,19,11,gain,seller,5,12.8,12,2021-01-15 11:53:59
13310,15,0,19,12,gain,seller,8,10,10,2021-01-15 11:55:29
13310,15,0,19,13,gain,seller,9,10,10,2021-01-15 11:57:41
13310,15,0,19,14,gain,seller,8,10,10,2021-01-15 11:59:28
13310,15,0,19,15,gain,seller,9,10,10,2021-01-15 12:01:31
13310,15,0,19,16,gain,seller,8,10,10,2021-01-15 12:03:20
13310,15,0,19,17,gain,seller,9,10,10,2021-01-15 12:05:26
13310,15,0,19,18,gain,seller,9,10,10,2021-01-15 12:07:50
13310,16,0,19,19,gain,seller,8,10,10,2021-01-15 12:09:34
13310,16,0,19,20,gain,seller,9,10,10,2021-01-15 12:11:41
15365,15,3,15,1,gain,buyer,15,12,12,2021-01-15 11:30:17
15365,15,3,15,2,gain,buyer,17,12,12,2021-01-15 11:35:45
15365,10,0,15,3,gain,buyer,13,12,12,2021-01-15 11:37:53
15365,15,3,15,4,gain,buyer,17,12,12,2021-01-15 11:39:48
15365,15,2,15,5,gain,buyer,14,13,12,2021-01-15 11:41:53
15365,12,0,15,6,gain,buyer,16,13,13,2021-01-15 11:43:50
15365,13,2,15,7,gain,buyer,16,13,13,2021-01-15 11:46:06
15365,5,0,15,8,gain,buyer,15,13,13,2021-01-15 11:48:00
15365,12,0,15,9,gain,buyer,14,13,13,2021-01-15 11:49:48
15365,10,0,15,10,gain,buyer,13,13,13,2021-01-15 11:51:40
15365,15,0,5,11,loss,seller,12,14,14,2021-01-15 11:53:43
15365,16,0,5,12,loss,seller,16,14,14,2021-01-15 11:55:33
15365,14,9,5,13,loss,seller,17,14,14,2021-01-15 11:57:48
15365,23,0,5,14,loss,seller,14,14,14,2021-01-15 11:59:35
15365,13,9,5,15,loss,seller,17,14,14,2021-01-15 12:01:43
15365,13.94,9,5,16,loss,seller,17,14,14,2021-01-15 12:03:29
15365,13,9,5,17,loss,seller,17,14,14,2021-01-15 12:05:47
15365,8,9,5,18,loss,seller,17,14,14,2021-01-15 12:07:46
15365,10,9,5,19,loss,seller,17,14,14,2021-01-15 12:10:00
15365,6,9,5,20,loss,seller,18,14,14,2021-01-15 12:12:32
16746,17,0,15,1,gain,seller,15,12,12,2021-01-15 11:34:13
16746,15,0,15,2,gain,seller,18,12,12,2021-01-15 11:38:41
16746,12,-3,15,3,gain,seller,15,12,12,2021-01-15 11:40:14
16746,15,0,15,4,gain,seller,17,12,12,2021-01-15 11:41:15
16746,13.5,0,15,5,gain,seller,14,13,12,2021-01-15 11:43:09
16746,13,-2,15,6,gain,seller,16,13,13,2021-01-15 11:44:00
16746,13,-2,15,7,gain,seller,16,13,13,2021-01-15 11:45:16
16746,13,-2,15,8,gain,seller,15,13,13,2021-01-15 11:47:50
16746,15.1,0,15,9,gain,seller,14,13,13,2021-01-15 11:49:25
16746,15,0,15,10,gain,seller,13,13,13,2021-01-15 11:51:57
16746,13,7.199999999999999,20,11,gain,buyer,4,12.8,10,2021-01-15 11:53:43
16746,10,10,20,12,gain,buyer,8,10,10,2021-01-15 11:55:23
16746,10,10,20,13,gain,buyer,9,10,10,2021-01-15 11:58:02
16746,10,10,20,14,gain,buyer,8,10,10,2021-01-15 12:00:16
16746,10,10,20,15,gain,buyer,9,10,10,2021-01-15 12:01:39
16746,10,10,20,16,gain,buyer,8,10,10,2021-01-15 12:03:36
16746,10,10,20,17,gain,buyer,9,10,10,2021-01-15 12:05:23
16746,10,10,20,18,gain,buyer,8,10,10,2021-01-15 12:07:55
16746,10,10,20,19,gain,buyer,8,10,10,2021-01-15 12:09:14
16746,10,10,20,20,gain,buyer,9,10,10,2021-01-15 12:12:26
18159,18,0,12,1,gain,seller,15,12,12,2021-01-15 11:32:15
18159,10,0,12,2,gain,seller,17,12,12,2021-01-15 11:35:51
18159,7,0,12,3,gain,seller,14,12,12,2021-01-15 11:37:29
18159,23,0,12,4,gain,seller,17,12,12,2021-01-15 11:39:51
18159,22,0,12,5,gain,seller,14,13,12,2021-01-15 11:41:27
18159,12,1,12,6,gain,seller,16,13,13,2021-01-15 11:43:28
18159,9,1,12,7,gain,seller,16,13,13,2021-01-15 11:45:40
18159,13,1,12,8,gain,seller,15,13,13,2021-01-15 11:47:39
18159,9,1,12,9,gain,seller,14,13,13,2021-01-15 11:49:49
18159,13,1,12,10,gain,seller,13,13,13,2021-01-15 11:51:26
18159,18,0,1,11,gain,seller,5,12.8,12,2021-01-15 11:53:30
18159,11,0,1,12,gain,seller,8,10,10,2021-01-15 11:55:25
18159,13,0,1,13,gain,seller,9,10,10,2021-01-15 11:57:21
18159,22,0,1,14,gain,seller,8,10,10,2021-01-15 11:59:29
18159,12,0,1,15,gain,seller,9,10,10,2021-01-15 12:01:16
18159,20,0,1,16,gain,seller,8,10,10,2021-01-15 12:03:54
18159,22,0,1,17,gain,seller,9,10,10,2021-01-15 12:05:47
18159,13,0,1,18,gain,seller,9,10,10,2021-01-15 12:07:50
18159,12,0,1,19,gain,seller,8,10,10,2021-01-15 12:09:51
18159,12,0,1,20,gain,seller,9,10,10,2021-01-15 12:12:00
20865,5,6,4,1,loss,seller,8,10,10,2021-01-15 11:32:55
20865,6,6,4,2,loss,seller,6,10,10,2021-01-15 11:36:01
20865,4,10,4,3,loss,seller,5,14,10,2021-01-15 11:37:53
20865,8,10,4,4,loss,seller,5,14,12,2021-01-15 11:40:13
20865,12,10,4,5,loss,seller,7,14,13,2021-01-15 11:42:03
20865,9,10,4,6,loss,seller,8,14,14,2021-01-15 11:44:18
20865,9,10,4,7,loss,seller,8,14,14,2021-01-15 11:45:53
20865,12,10,4,8,loss,seller,6,14,14,2021-01-15 11:48:11
20865,10,10,4,9,loss,seller,7,14,14,2021-01-15 11:49:47
20865,11,10,4,10,loss,seller,7,14,14,2021-01-15 11:52:16
20865,20,2,16,11,loss,buyer,12,14,14,2021-01-15 11:54:05
20865,15,2,16,12,loss,buyer,16,14,14,2021-01-15 11:56:08
20865,15,2,16,13,loss,buyer,17,14,14,2021-01-15 11:58:16
20865,15,2,16,14,loss,buyer,14,14,14,2021-01-15 11:59:59
20865,14,2,16,15,loss,buyer,17,14,14,2021-01-15 12:01:22
20865,14,2,16,16,loss,buyer,17,14,14,2021-01-15 12:03:23
20865,14,2,16,17,loss,buyer,17,14,14,2021-01-15 12:06:04
20865,14,2,16,18,loss,buyer,17,14,14,2021-01-15 12:07:38
20865,14,2,16,19,loss,buyer,17,14,14,2021-01-15 12:09:45
20865,14,2,16,20,loss,buyer,18,14,14,2021-01-15 12:11:15
22347,9,3,7,1,loss,seller,8,10,10,2021-01-15 11:33:22
22347,12,0,7,2,loss,seller,6,10,10,2021-01-15 11:36:25
22347,9,6,7,3,loss,seller,6,13,10,2021-01-15 11:37:42
22347,10,7,7,4,loss,seller,5,14,12,2021-01-15 11:40:06
22347,11,7,7,5,loss,seller,7,14,13,2021-01-15 11:41:58
22347,13,7,7,6,loss,seller,8,14,14,2021-01-15 11:43:48
22347,12,7,7,7,loss,seller,8,14,14,2021-01-15 11:45:53
22347,14,7,7,8,loss,seller,6,14,14,2021-01-15 11:47:44
22347,14,7,7,9,loss,seller,7,14,14,2021-01-15 11:49:48
22347,14,7,7,10,loss,seller,7,14,14,2021-01-15 11:52:18
22347,14,16.2,29,11,gain,buyer,5,12.8,12,2021-01-15 11:55:15
22347,13,19,29,12,gain,buyer,8,10,10,2021-01-15 11:55:49
22347,12,19,29,13,gain,buyer,9,10,10,2021-01-15 11:57:39
22347,10.25,19,29,14,gain,buyer,8,10,10,2021-01-15 11:59:44
22347,12,19,29,15,gain,buyer,8,10,10,2021-01-15 12:01:31
22347,10,19,29,16,gain,buyer,7,10,10,2021-01-15 12:03:35
22347,10,19,29,17,gain,buyer,9,10,10,2021-01-15 12:05:35
22347,11,19,29,18,gain,buyer,8,10,10,2021-01-15 12:07:30
22347,10,19,29,19,gain,buyer,8,10,10,2021-01-15 12:09:19
22347,10.99,19,29,20,gain,buyer,9,10,10,2021-01-15 12:11:25
22900,8,0,16,1,gain,buyer,15,12,12,2021-01-15 11:32:24
22900,20,4,16,2,gain,buyer,17,12,12,2021-01-15 11:36:45
22900,18,4,16,3,gain,buyer,14,12,12,2021-01-15 11:38:27
22900,20,4,16,4,gain,buyer,17,12,12,2021-01-15 11:39:47
22900,20,3,16,5,gain,buyer,14,13,12,2021-01-15 11:42:43
22900,21,3,16,6,gain,buyer,16,13,13,2021-01-15 11:44:33
22900,15,3,16,7,gain,buyer,16,13,13,2021-01-15 11:45:58
22900,21,3,16,8,gain,buyer,15,13,13,2021-01-15 11:48:49
22900,21,3,16,9,gain,buyer,14,13,13,2021-01-15 11:49:26
22900,21,3,16,10,gain,buyer,13,13,13,2021-01-15 11:51:29
22900,20,0,14,11,loss,seller,12,14,14,2021-01-15 11:54:00
22900,17.5,0,14,12,loss,seller,16,14,14,2021-01-15 11:56:05
22900,10,0,14,13,loss,seller,17,14,14,2021-01-15 11:59:23
22900,12,0,14,14,loss,seller,14,14,14,2021-01-15 12:00:02
22900,13,0,14,15,loss,seller,17,14,14,2021-01-15 12:01:42
22900,20,0,14,16,loss,seller,17,14,14,2021-01-15 12:03:16
22900,18,0,14,17,loss,seller,17,14,14,2021-01-15 12:05:25
22900,15,0,14,18,loss,seller,17,14,14,2021-01-15 12:07:37
22900,21,0,14,19,loss,seller,17,14,14,2021-01-15 12:09:35
22900,10,0,14,20,loss,seller,18,14,14,2021-01-15 12:11:34
23548,12,-2,10,1,gain,buyer,15,12,12,2021-01-15 11:32:11
23548,14,-2,10,2,gain,buyer,17,12,12,2021-01-15 11:35:52
23548,11,0,10,3,gain,buyer,13,12,12,2021-01-15 11:37:55
23548,10,0,10,4,gain,buyer,17,12,12,2021-01-15 11:39:51
23548,13,-3,10,5,gain,buyer,14,13,12,2021-01-15 11:41:55
23548,14,-3,10,6,gain,buyer,16,13,13,2021-01-15 11:43:32
23548,9,0,10,7,gain,buyer,16,13,13,2021-01-15 11:45:49
23548,15,-3,10,8,gain,buyer,15,13,13,2021-01-15 11:47:42
23548,8,0,10,9,gain,buyer,14,13,13,2021-01-15 11:49:31
23548,12,0,10,10,gain,buyer,13,13,13,2021-01-15 11:51:53
23548,14,5,9,11,loss,seller,12,14,14,2021-01-15 11:53:42
23548,16,0,9,12,loss,seller,16,14,14,2021-01-15 11:55:42
23548,14,5,9,13,loss,seller,17,14,14,2021-01-15 11:57:35
23548,15,0,9,14,loss,seller,14,14,14,2021-01-15 11:59:26
23548,14,5,9,15,loss,seller,17,14,14,2021-01-15 12:01:33
23548,14,5,9,16,loss,seller,17,14,14,2021-01-15 12:03:14
23548,14,5,9,17,loss,seller,17,14,14,2021-01-15 12:05:39
23548,14,5,9,18,loss,seller,17,14,14,2021-01-15 12:07:20
23548,14,5,9,19,loss,seller,17,14,14,2021-01-15 12:09:27
23548,14,5,9,20,loss,seller,18,14,14,2021-01-15 12:11:23
26198,19,NA,19,1,gain,buyer,NA,NA,NA,2021-01-15 11:31:04
27285,10,0,10,1,loss,seller,8,10,10,2021-01-15 11:30:25
27285,5,0,10,2,loss,seller,6,10,10,2021-01-15 11:35:48
27285,20,0,10,3,loss,seller,6,13,10,2021-01-15 11:37:27
27285,13,0,10,4,loss,seller,5,14,12,2021-01-15 11:39:54
27285,12,4,10,5,loss,seller,7,14,13.5,2021-01-15 11:41:24
27285,13.5,4,10,6,loss,seller,8,14,14,2021-01-15 11:43:35
27285,14,4,10,7,loss,seller,8,14,14,2021-01-15 11:45:33
27285,15,0,10,8,loss,seller,6,14,14,2021-01-15 11:47:27
27285,13,4,10,9,loss,seller,7,14,14,2021-01-15 11:49:30
27285,11,4,10,10,loss,seller,7,14,14,2021-01-15 11:51:16
27285,10,0,26,11,gain,buyer,4,12.8,10,2021-01-15 11:53:19
27285,12.8,16,26,12,gain,buyer,8,10,10,2021-01-15 11:55:43
27285,10,16,26,13,gain,buyer,9,10,10,2021-01-15 11:57:31
27285,9,0,26,14,gain,buyer,8,10,10,2021-01-15 11:59:26
27285,10,16,26,15,gain,buyer,8,10,10,2021-01-15 12:01:46
27285,10,16,26,16,gain,buyer,8,10,10,2021-01-15 12:03:27
27285,10,16,26,17,gain,buyer,9,10,10,2021-01-15 12:05:32
27285,10,16,26,18,gain,buyer,8,10,10,2021-01-15 12:07:22
27285,9,0,26,19,gain,buyer,8,10,10,2021-01-15 12:09:23
27285,11,16,26,20,gain,buyer,8,10,10,2021-01-15 12:11:14
28957,15,0,17,1,gain,seller,15,12,12,2021-01-15 11:32:07
28957,18,0,17,2,gain,seller,17,12,12,2021-01-15 11:35:32
28957,15,0,17,3,gain,seller,13,12,12,2021-01-15 11:37:41
28957,12,-5,17,4,gain,seller,17,12,12,2021-01-15 11:39:33
28957,20,0,17,5,gain,seller,14,13,12,2021-01-15 11:41:43
28957,16,0,17,6,gain,seller,16,13,13,2021-01-15 11:43:35
28957,13,-4,17,7,gain,seller,16,13,13,2021-01-15 11:45:52
28957,22,0,17,8,gain,seller,15,13,13,2021-01-15 11:47:28
28957,17.5,0,17,9,gain,seller,14,13,13,2021-01-15 11:49:29
28957,19,0,17,10,gain,seller,13,13,13,2021-01-15 11:51:24
28957,12.5,0,19,11,loss,buyer,12,14,14,2021-01-15 11:53:28
28957,17,5,19,12,loss,buyer,16,14,14,2021-01-15 11:55:54
28957,15,5,19,13,loss,buyer,17,14,14,2021-01-15 11:57:37
28957,12,0,19,14,loss,buyer,14,14,14,2021-01-15 11:59:47
28957,16,5,19,15,loss,buyer,17,14,14,2021-01-15 12:01:19
28957,16.5,5,19,16,loss,buyer,17,14,14,2021-01-15 12:03:27
28957,18,5,19,17,loss,buyer,17,14,14,2021-01-15 12:05:50
28957,15,5,19,18,loss,buyer,17,14,14,2021-01-15 12:07:38
28957,18,5,19,19,loss,buyer,17,14,14,2021-01-15 12:09:32
28957,17.5,5,19,20,loss,buyer,18,14,14,2021-01-15 12:11:24
30382,7,0,14,1,loss,buyer,8,10,10,2021-01-15 11:32:20
30382,10,4,14,2,loss,buyer,6,10,10,2021-01-15 11:36:19
30382,14,4,14,3,loss,buyer,5,14,10,2021-01-15 11:37:51
30382,10,0,14,4,loss,buyer,5,14,12,2021-01-15 11:39:51
30382,14,0.5,14,5,loss,buyer,7,14,13.5,2021-01-15 11:41:23
30382,19,0,14,6,loss,buyer,8,14,14,2021-01-15 11:43:55
30382,15,0,14,7,loss,buyer,8,14,14,2021-01-15 11:45:45
30382,9,0,14,8,loss,buyer,6,14,14,2021-01-15 11:47:20
30382,19,0,14,9,loss,buyer,7,14,14,2021-01-15 11:49:21
30382,2,0,14,10,loss,buyer,7,14,14,2021-01-15 11:51:48
30382,10,0,14,11,gain,buyer,4,12.8,10,2021-01-15 11:53:29
30382,12,4,14,12,gain,buyer,8,10,10,2021-01-15 11:55:48
30382,19,4,14,13,gain,buyer,9,10,10,2021-01-15 11:57:32
30382,19,4,14,14,gain,buyer,8,10,10,2021-01-15 11:59:29
30382,19,4,14,15,gain,buyer,8,10,10,2021-01-15 12:01:21
30382,19,4,14,16,gain,buyer,7,10,10,2021-01-15 12:03:21
30382,19,4,14,17,gain,buyer,8,10,10,2021-01-15 12:05:33
30382,14,4,14,18,gain,buyer,8,10,10,2021-01-15 12:07:35
30382,14,4,14,19,gain,buyer,8,10,10,2021-01-15 12:09:17
30382,14,4,14,20,gain,buyer,8,10,10,2021-01-15 12:11:20
30892,14,0,14,1,gain,seller,15,12,12,2021-01-15 11:32:51
30892,14,0,14,2,gain,seller,17,12,12,2021-01-15 11:36:56
30892,14,0,14,3,gain,seller,14,12,12,2021-01-15 11:38:35
30892,14,0,14,4,gain,seller,17,12,12,2021-01-15 11:40:26
30892,14,0,14,5,gain,seller,14,13,12,2021-01-15 11:42:38
30892,14,0,14,6,gain,seller,16,13,13,2021-01-15 11:44:06
30892,14,0,14,7,gain,seller,16,13,13,2021-01-15 11:45:55
30892,14,0,14,8,gain,seller,15,13,13,2021-01-15 11:47:21
30892,13,-1,14,9,gain,seller,14,13,13,2021-01-15 11:49:32
30892,13,-1,14,10,gain,seller,13,13,13,2021-01-15 11:51:24
30892,21,13,27,11,loss,buyer,12,14,14,2021-01-15 11:54:13
30892,21,13,27,12,loss,buyer,16,14,14,2021-01-15 11:56:24
30892,21,13,27,13,loss,buyer,17,14,14,2021-01-15 11:57:23
30892,21,13,27,14,loss,buyer,14,14,14,2021-01-15 11:59:11
30892,21,13,27,15,loss,buyer,17,14,14,2021-01-15 12:01:26
30892,16,13,27,16,loss,buyer,17,14,14,2021-01-15 12:03:17
30892,18,13,27,17,loss,buyer,17,14,14,2021-01-15 12:05:55
30892,16,13,27,18,loss,buyer,17,14,14,2021-01-15 12:07:29
30892,16,13,27,19,loss,buyer,17,14,14,2021-01-15 12:09:45
30892,21,13,27,20,loss,buyer,18,14,14,2021-01-15 12:11:36
31041,4,6,6,1,gain,seller,15,12,12,2021-01-15 11:32:17
31041,6,6,6,2,gain,seller,17,12,12,2021-01-15 11:37:08
31041,3,6,6,3,gain,seller,15,12,12,2021-01-15 11:39:23
31041,10,6,6,4,gain,seller,17,12,12,2021-01-15 11:41:07
31041,19,0,6,5,gain,seller,14,13,12,2021-01-15 11:42:34
31041,12,7,6,6,gain,seller,16,13,13,2021-01-15 11:43:36
31041,13,7,6,7,gain,seller,16,13,13,2021-01-15 11:46:38
31041,5,7,6,8,gain,seller,15,13,13,2021-01-15 11:48:17
31041,1,7,6,9,gain,seller,14,13,13,2021-01-15 11:49:28
31041,10,7,6,10,gain,seller,13,13,13,2021-01-15 11:52:07
31041,10,0,25,11,loss,buyer,12,14,14,2021-01-15 11:55:09
31041,15,11,25,12,loss,buyer,16,14,14,2021-01-15 11:56:19
31041,14,11,25,13,loss,buyer,17,14,14,2021-01-15 11:57:35
31041,13,0,25,14,loss,buyer,14,14,14,2021-01-15 11:59:59
31041,18,11,25,15,loss,buyer,17,14,14,2021-01-15 12:01:35
31041,20,11,25,16,loss,buyer,17,14,14,2021-01-15 12:03:49
31041,15,11,25,17,loss,buyer,17,14,14,2021-01-15 12:05:35
31041,20,11,25,18,loss,buyer,17,14,14,2021-01-15 12:07:33
31041,14,11,25,19,loss,buyer,17,14,14,2021-01-15 12:10:06
31041,15,11,25,20,loss,buyer,18,14,14,2021-01-15 12:11:47
32004,9,0,28,1,gain,buyer,15,12,12,2021-01-15 11:30:19
32004,10,0,28,2,gain,buyer,17,12,12,2021-01-15 11:35:59
32004,17,16,28,3,gain,buyer,13,12,12,2021-01-15 11:37:28
32004,14,16,28,4,gain,buyer,17,12,12,2021-01-15 11:39:38
32004,19,15,28,5,gain,buyer,14,13,12,2021-01-15 11:41:37
32004,20,15,28,6,gain,buyer,16,13,13,2021-01-15 11:43:34
32004,21,15,28,7,gain,buyer,16,13,13,2021-01-15 11:45:40
32004,23,15,28,8,gain,buyer,15,13,13,2021-01-15 11:47:37
32004,23,15,28,9,gain,buyer,14,13,13,2021-01-15 11:49:34
32004,20,15,28,10,gain,buyer,13,13,13,2021-01-15 11:51:45
32004,19,0,18,11,loss,seller,12,14,14,2021-01-15 11:54:22
32004,13,-4,18,12,loss,seller,16,14,14,2021-01-15 11:55:43
32004,13,-4,18,13,loss,seller,17,14,14,2021-01-15 11:57:56
32004,14.5,0,18,14,loss,seller,14,14,14,2021-01-15 11:59:29
32004,20,0,18,15,loss,seller,17,14,14,2021-01-15 12:01:47
32004,14,-4,18,16,loss,seller,17,14,14,2021-01-15 12:03:43
32004,20,0,18,17,loss,seller,17,14,14,2021-01-15 12:05:52
32004,20,0,18,18,loss,seller,17,14,14,2021-01-15 12:07:25
32004,14,-4,18,19,loss,seller,17,14,14,2021-01-15 12:09:31
32004,20,0,18,20,loss,seller,18,14,14,2021-01-15 12:11:31
32154,5,7,5,1,gain,seller,15,12,12,2021-01-15 11:32:17
32154,7,7,5,2,gain,seller,17,12,12,2021-01-15 11:36:50
32154,7,7,5,3,gain,seller,13,12,12,2021-01-15 11:38:22
32154,10,7,5,4,gain,seller,17,12,12,2021-01-15 11:40:14
32154,12,7,5,5,gain,seller,14,13,12,2021-01-15 11:41:29
32154,12,8,5,6,gain,seller,16,13,13,2021-01-15 11:43:54
32154,12,8,5,7,gain,seller,16,13,13,2021-01-15 11:45:36
32154,13,8,5,8,gain,seller,15,13,13,2021-01-15 11:47:34
32154,12,8,5,9,gain,seller,14,13,13,2021-01-15 11:49:33
32154,12.9,8,5,10,gain,seller,13,13,13,2021-01-15 11:52:39
32154,7,12,2,11,loss,seller,12,14,14,2021-01-15 11:54:10
32154,14,12,2,12,loss,seller,16,14,14,2021-01-15 11:56:53
32154,13.9,12,2,13,loss,seller,17,14,14,2021-01-15 11:57:15
32154,13.9,12,2,14,loss,seller,14,14,14,2021-01-15 11:59:38
32154,13.8,12,2,15,loss,seller,17,14,14,2021-01-15 12:01:35
32154,13.8,12,2,16,loss,seller,17,14,14,2021-01-15 12:03:37
32154,13.8,12,2,17,loss,seller,17,14,14,2021-01-15 12:05:21
32154,13.9,12,2,18,loss,seller,17,14,14,2021-01-15 12:07:44
32154,13.9,12,2,19,loss,seller,17,14,14,2021-01-15 12:09:21
32154,13.8,12,2,20,loss,seller,18,14,14,2021-01-15 12:11:38
32581,8,9,3,1,gain,seller,15,12,12,2021-01-15 11:32:15
32581,12,9,3,2,gain,seller,16,12,12,2021-01-15 11:36:33
32581,18,0,3,3,gain,seller,13,12,12,2021-01-15 11:37:51
32581,11,9,3,4,gain,seller,17,12,12,2021-01-15 11:40:11
32581,12,9,3,5,gain,seller,14,13,12,2021-01-15 11:42:05
32581,12,10,3,6,gain,seller,16,13,13,2021-01-15 11:44:19
32581,13,10,3,7,gain,seller,16,13,13,2021-01-15 11:45:42
32581,12,10,3,8,gain,seller,15,13,13,2021-01-15 11:47:56
32581,13,10,3,9,gain,seller,14,13,13,2021-01-15 11:49:33
32581,13,10,3,10,gain,seller,13,13,13,2021-01-15 11:51:25
32581,8,0,21,11,loss,buyer,12,14,14,2021-01-15 11:54:21
32581,25,7,21,12,loss,buyer,16,14,14,2021-01-15 11:55:56
32581,15,7,21,13,loss,buyer,17,14,14,2021-01-15 11:58:24
32581,25,7,21,14,loss,buyer,14,14,14,2021-01-15 11:59:43
32581,21,7,21,15,loss,buyer,17,14,14,2021-01-15 12:01:56
32581,25,7,21,16,loss,buyer,17,14,14,2021-01-15 12:04:03
32581,17,7,21,17,loss,buyer,17,14,14,2021-01-15 12:05:38
32581,17,7,21,18,loss,buyer,17,14,14,2021-01-15 12:07:32
32581,16,7,21,19,loss,buyer,17,14,14,2021-01-15 12:09:27
32581,25,7,21,20,loss,buyer,18,14,14,2021-01-15 12:11:24
33143,0,0,18,1,gain,buyer,15,12,12,2021-01-15 11:31:53
33143,7,0,18,2,gain,buyer,17,12,12,2021-01-15 11:35:27
33143,7,0,18,3,gain,buyer,13,12,12,2021-01-15 11:37:51
33143,7,0,18,4,gain,buyer,17,12,12,2021-01-15 11:39:58
33143,9.25,0,18,5,gain,buyer,14,13,12,2021-01-15 11:42:29
33143,10.5,0,18,6,gain,buyer,16,13,13,2021-01-15 11:43:42
33143,12,0,18,7,gain,buyer,16,13,13,2021-01-15 11:45:21
33143,11.5,0,18,8,gain,buyer,15,13,13,2021-01-15 11:48:15
33143,10.66,0,18,9,gain,buyer,14,13,13,2021-01-15 11:49:56
33143,9.66,0,18,10,gain,buyer,13,13,13,2021-01-15 11:51:48
33143,12.5,0,16,11,loss,buyer,12,14,14,2021-01-15 11:53:34
33143,13,0,16,12,loss,buyer,16,14,14,2021-01-15 11:55:38
33143,13.5,0,16,13,loss,buyer,17,14,14,2021-01-15 11:57:29
33143,13,0,16,14,loss,buyer,14,14,14,2021-01-15 11:59:57
33143,13.95,0,16,15,loss,buyer,17,14,14,2021-01-15 12:01:36
33143,13.95,0,16,16,loss,buyer,17,14,14,2021-01-15 12:03:42
33143,13,0,16,17,loss,buyer,17,14,14,2021-01-15 12:05:27
33143,13,0,16,18,loss,buyer,17,14,14,2021-01-15 12:07:24
33143,13.25,0,16,19,loss,buyer,17,14,14,2021-01-15 12:10:28
33143,14,2,16,20,loss,buyer,18,14,14,2021-01-15 12:11:46
34330,12,13,23,1,loss,buyer,8,10,10,2021-01-15 11:30:51
34330,10,13,23,2,loss,buyer,6,10,10,2021-01-15 11:35:49
34330,13,13,23,3,loss,buyer,6,13,10,2021-01-15 11:37:43
34330,6,0,23,4,loss,buyer,5,14,12,2021-01-15 11:39:42
34330,17,9.5,23,5,loss,buyer,7,14,13.5,2021-01-15 11:41:33
34330,15,9,23,6,loss,buyer,8,14,14,2021-01-15 11:43:28
34330,15,9,23,7,loss,buyer,8,14,14,2021-01-15 11:45:22
34330,14,9,23,8,loss,buyer,6,14,14,2021-01-15 11:47:19
34330,14,9,23,9,loss,buyer,7,14,14,2021-01-15 11:49:33
34330,14,9,23,10,loss,buyer,7,14,14,2021-01-15 11:51:30
34330,15,1,15,11,loss,buyer,12,14,14,2021-01-15 11:53:28
34330,15,1,15,12,loss,buyer,16,14,14,2021-01-15 11:55:47
34330,15,1,15,13,loss,buyer,17,14,14,2021-01-15 11:57:29
34330,15,1,15,14,loss,buyer,14,14,14,2021-01-15 11:59:34
34330,14,1,15,15,loss,buyer,17,14,14,2021-01-15 12:01:24
34330,14,1,15,16,loss,buyer,17,14,14,2021-01-15 12:03:26
34330,15,1,15,17,loss,buyer,17,14,14,2021-01-15 12:05:25
34330,14,1,15,18,loss,buyer,17,14,14,2021-01-15 12:07:23
34330,14,1,15,19,loss,buyer,17,14,14,2021-01-15 12:09:17
34330,15,1,15,20,loss,buyer,18,14,14,2021-01-15 12:11:20
35505,28,0,18,1,gain,seller,15,12,12,2021-01-15 11:31:16
35505,25,0,18,2,gain,seller,17,12,12,2021-01-15 11:36:25
35505,22,0,18,3,gain,seller,14,12,12,2021-01-15 11:38:04
35505,20,0,18,4,gain,seller,17,12,12,2021-01-15 11:39:38
35505,18,0,18,5,gain,seller,14,13,12,2021-01-15 11:41:49
35505,15,0,18,6,gain,seller,16,13,13,2021-01-15 11:43:43
35505,13,-5,18,7,gain,seller,16,13,13,2021-01-15 11:46:04
35505,20,0,18,8,gain,seller,15,13,13,2021-01-15 11:48:02
35505,20,0,18,9,gain,seller,14,13,13,2021-01-15 11:49:53
35505,20,0,18,10,gain,seller,13,13,13,2021-01-15 11:51:31
35505,20,0,14,11,loss,seller,12,14,14,2021-01-15 11:53:17
35505,20,0,14,12,loss,seller,16,14,14,2021-01-15 11:55:35
35505,20,0,14,13,loss,seller,17,14,14,2021-01-15 11:57:11
35505,20,0,14,14,loss,seller,14,14,14,2021-01-15 11:59:25
35505,20,0,14,15,loss,seller,17,14,14,2021-01-15 12:01:18
35505,20,0,14,16,loss,seller,17,14,14,2021-01-15 12:04:02
35505,20,0,14,17,loss,seller,17,14,14,2021-01-15 12:05:25
35505,20,0,14,18,loss,seller,17,14,14,2021-01-15 12:07:29
35505,20,0,14,19,loss,seller,17,14,14,2021-01-15 12:09:45
35505,20,0,14,20,loss,seller,18,14,14,2021-01-15 12:11:40
38194,20,0,15,1,gain,seller,15,12,12,2021-01-15 11:30:44
38194,20,0,15,2,gain,seller,17,12,12,2021-01-15 11:38:04
38194,12,-3,15,3,gain,seller,13,12,12,2021-01-15 11:38:40
38194,12,-3,15,4,gain,seller,17,12,12,2021-01-15 11:39:55
38194,40,0,15,5,gain,seller,14,13,12,2021-01-15 11:42:30
38194,20,0,15,6,gain,seller,16,13,13,2021-01-15 11:43:50
38194,14,0,15,7,gain,seller,16,13,13,2021-01-15 11:46:10
38194,13,-2,15,8,gain,seller,15,13,13,2021-01-15 11:48:43
38194,13,-2,15,9,gain,seller,14,13,13,2021-01-15 11:50:47
38194,13,-2,15,10,gain,seller,13,13,13,2021-01-15 11:52:09
38194,13,0,10,11,loss,buyer,12,14,14,2021-01-15 11:53:36
38194,12,0,10,12,loss,buyer,16,14,14,2021-01-15 11:55:54
38194,14,-4,10,13,loss,buyer,17,14,14,2021-01-15 11:58:06
38194,10,0,10,14,loss,buyer,14,14,14,2021-01-15 11:59:39
38194,10,0,10,15,loss,buyer,17,14,14,2021-01-15 12:01:37
38194,10,0,10,16,loss,buyer,17,14,14,2021-01-15 12:03:18
38194,10,0,10,17,loss,buyer,17,14,14,2021-01-15 12:06:16
38194,10,0,10,18,loss,buyer,17,14,14,2021-01-15 12:07:26
38194,10,0,10,19,loss,buyer,17,14,14,2021-01-15 12:10:26
38194,10,0,10,20,loss,buyer,18,14,14,2021-01-15 12:11:31
39597,22,7,17,1,loss,buyer,8,10,10,2021-01-15 11:31:54
39597,10,7,17,2,loss,buyer,6,10,10,2021-01-15 11:36:11
39597,9,0,17,3,loss,buyer,6,13,10,2021-01-15 11:37:26
39597,5,0,17,4,loss,buyer,5,14,12,2021-01-15 11:39:38
39597,10,0,17,5,loss,buyer,7,14,13,2021-01-15 11:41:46
39597,13,0,17,6,loss,buyer,8,14,14,2021-01-15 11:43:34
39597,14,3,17,7,loss,buyer,8,14,14,2021-01-15 11:45:34
39597,14,3,17,8,loss,buyer,6,14,14,2021-01-15 11:47:37
39597,12,0,17,9,loss,buyer,7,14,14,2021-01-15 11:49:39
39597,14,3,17,10,loss,buyer,7,14,14,2021-01-15 11:51:32
39597,15,10.2,23,11,gain,buyer,5,12.8,12,2021-01-15 11:53:43
39597,15,13,23,12,gain,buyer,8,10,10,2021-01-15 11:55:45
39597,16,13,23,13,gain,buyer,9,10,10,2021-01-15 11:57:49
39597,16,13,23,14,gain,buyer,8,10,10,2021-01-15 11:59:44
39597,20,13,23,15,gain,buyer,8,10,10,2021-01-15 12:01:27
39597,15,13,23,16,gain,buyer,8,10,10,2021-01-15 12:03:29
39597,12,13,23,17,gain,buyer,8,10,10,2021-01-15 12:05:26
39597,15,13,23,18,gain,buyer,9,10,10,2021-01-15 12:07:24
39597,16,13,23,19,gain,buyer,8,10,10,2021-01-15 12:09:29
39597,17,13,23,20,gain,buyer,9,10,10,2021-01-15 12:11:21
43775,21,10,20,1,loss,buyer,8,10,10,2021-01-15 11:31:24
43775,21,10,20,2,loss,buyer,6,10,10,2021-01-15 11:36:13
43775,21,10,20,3,loss,buyer,5,14,10,2021-01-15 11:38:08
43775,21,8,20,4,loss,buyer,5,14,12,2021-01-15 11:40:25
43775,21,7,20,5,loss,buyer,7,14,13,2021-01-15 11:41:55
43775,22,6,20,6,loss,buyer,8,14,14,2021-01-15 11:44:02
43775,23,6,20,7,loss,buyer,8,14,14,2021-01-15 11:46:02
43775,25,6,20,8,loss,buyer,6,14,14,2021-01-15 11:48:05
43775,25,6,20,9,loss,buyer,7,14,14,2021-01-15 11:49:29
43775,25,6,20,10,loss,buyer,7,14,14,2021-01-15 11:51:44
43775,21,0,7,11,gain,seller,4,12.8,10,2021-01-15 11:53:25
43775,8,3,7,12,gain,seller,8,10,10,2021-01-15 11:56:14
43775,8,3,7,13,gain,seller,9,10,10,2021-01-15 11:57:44
43775,15,0,7,14,gain,seller,8,10,10,2021-01-15 12:00:18
43775,8,3,7,15,gain,seller,9,10,10,2021-01-15 12:02:05
43775,7,3,7,16,gain,seller,8,10,10,2021-01-15 12:04:02
43775,20,0,7,17,gain,seller,9,10,10,2021-01-15 12:06:03
43775,25,0,7,18,gain,seller,8,10,10,2021-01-15 12:08:23
43775,14,0,7,19,gain,seller,8,10,10,2021-01-15 12:09:28
43775,10,3,7,20,gain,seller,9,10,10,2021-01-15 12:11:44
44023,25,0,20,1,gain,seller,15,12,12,2021-01-15 11:32:37
44023,15,0,20,2,gain,seller,17,12,12,2021-01-15 11:36:52
44023,15,0,20,3,gain,seller,13,12,12,2021-01-15 11:37:56
44023,22,0,20,4,gain,seller,17,12,12,2021-01-15 11:40:50
44023,15,0,20,5,gain,seller,14,13,12,2021-01-15 11:42:20
44023,30,0,20,6,gain,seller,16,13,13,2021-01-15 11:44:00
44023,40,0,20,7,gain,seller,16,13,13,2021-01-15 11:45:51
44023,20,0,20,8,gain,seller,15,13,13,2021-01-15 11:48:10
44023,19,0,20,9,gain,seller,14,13,13,2021-01-15 11:50:23
44023,15,0,20,10,gain,seller,13,13,13,2021-01-15 11:52:08
44023,15,0,9,11,loss,seller,12,14,14,2021-01-15 11:53:36
44023,14,5,9,12,loss,seller,16,14,14,2021-01-15 11:55:48
44023,14,5,9,13,loss,seller,17,14,14,2021-01-15 11:57:31
44023,14,5,9,14,loss,seller,14,14,14,2021-01-15 11:59:54
44023,14,5,9,15,loss,seller,17,14,14,2021-01-15 12:02:10
44023,14,5,9,16,loss,seller,17,14,14,2021-01-15 12:03:50
44023,14,5,9,17,loss,seller,17,14,14,2021-01-15 12:06:25
44023,14,5,9,18,loss,seller,17,14,14,2021-01-15 12:08:22
44023,14,5,9,19,loss,seller,17,14,14,2021-01-15 12:09:50
44023,14,5,9,20,loss,seller,18,14,14,2021-01-15 12:11:36
44948,5,6,4,1,loss,seller,8,10,10,2021-01-15 11:34:08
44948,5,NA,4,2,loss,seller,NA,NA,NA,2021-01-15 11:35:57
45448,7,6,6,1,gain,seller,15,12,12,2021-01-15 11:31:22
45448,12,6,6,2,gain,seller,17,12,12,2021-01-15 11:36:29
45448,12,6,6,3,gain,seller,13,12,12,2021-01-15 11:37:46
45448,12,6,6,4,gain,seller,17,12,12,2021-01-15 11:39:52
45448,9,6,6,5,gain,seller,14,13,12,2021-01-15 11:41:46
45448,10,7,6,6,gain,seller,16,13,13,2021-01-15 11:43:47
45448,13,7,6,7,gain,seller,16,13,13,2021-01-15 11:45:44
45448,13,7,6,8,gain,seller,15,13,13,2021-01-15 11:47:33
45448,10,7,6,9,gain,seller,14,13,13,2021-01-15 11:49:41
45448,9,7,6,10,gain,seller,13,13,13,2021-01-15 11:51:43
45448,21,7,21,11,loss,buyer,12,14,14,2021-01-15 11:54:02
45448,25,7,21,12,loss,buyer,16,14,14,2021-01-15 11:56:18
45448,15,7,21,13,loss,buyer,17,14,14,2021-01-15 11:57:38
45448,14,7,21,14,loss,buyer,14,14,14,2021-01-15 11:59:29
45448,19,7,21,15,loss,buyer,17,14,14,2021-01-15 12:02:09
45448,18,7,21,16,loss,buyer,17,14,14,2021-01-15 12:03:42
45448,16,7,21,17,loss,buyer,17,14,14,2021-01-15 12:05:31
45448,20,7,21,18,loss,buyer,17,14,14,2021-01-15 12:07:29
45448,17,7,21,19,loss,buyer,17,14,14,2021-01-15 12:09:49
45448,21,7,21,20,loss,buyer,18,14,14,2021-01-15 12:11:49
46942,7,6,6,1,gain,seller,15,12,12,2021-01-15 11:31:19
46942,7,6,6,2,gain,seller,17,12,12,2021-01-15 11:37:09
46942,6.5,6,6,3,gain,seller,14,12,12,2021-01-15 11:37:51
46942,9,6,6,4,gain,seller,17,12,12,2021-01-15 11:39:50
46942,10,6,6,5,gain,seller,14,13,12,2021-01-15 11:42:57
46942,10,7,6,6,gain,seller,16,13,13,2021-01-15 11:43:59
46942,11,7,6,7,gain,seller,16,13,13,2021-01-15 11:46:12
46942,10,7,6,8,gain,seller,15,13,13,2021-01-15 11:48:02
46942,11,7,6,9,gain,seller,14,13,13,2021-01-15 11:49:36
46942,9,7,6,10,gain,seller,13,13,13,2021-01-15 11:51:50
46942,9,11,1,11,gain,seller,5,12.8,12,2021-01-15 11:54:16
46942,9,9,1,12,gain,seller,8,10,10,2021-01-15 11:55:42
46942,7,9,1,13,gain,seller,9,10,10,2021-01-15 11:57:48
46942,7,9,1,14,gain,seller,8,10,10,2021-01-15 11:59:45
46942,7,9,1,15,gain,seller,9,10,10,2021-01-15 12:01:49
46942,7,9,1,16,gain,seller,8,10,10,2021-01-15 12:03:25
46942,7,9,1,17,gain,seller,9,10,10,2021-01-15 12:05:28
46942,7,NA,1,18,gain,seller,NA,NA,NA,2021-01-15 12:07:20
47275,26,12,24,1,gain,buyer,15,12,12,2021-01-15 11:32:35
47275,16,12,24,2,gain,buyer,17,12,12,2021-01-15 11:35:57
47275,14,12,24,3,gain,buyer,13,12,12,2021-01-15 11:37:42
47275,13,12,24,4,gain,buyer,17,12,12,2021-01-15 11:39:30
47275,12.45,0,24,5,gain,buyer,14,13,12,2021-01-15 11:41:37
47275,16,11,24,6,gain,buyer,16,13,13,2021-01-15 11:43:53
47275,13,11,24,7,gain,buyer,16,13,13,2021-01-15 11:45:29
47275,12,0,24,8,gain,buyer,15,13,13,2021-01-15 11:47:36
47275,9,0,24,9,gain,buyer,14,13,13,2021-01-15 11:49:36
47275,9,0,24,10,gain,buyer,13,13,13,2021-01-15 11:51:41
47275,5,0,28,11,loss,buyer,12,14,14,2021-01-15 11:53:38
47275,11,0,28,12,loss,buyer,16,14,14,2021-01-15 11:55:42
47275,14,14,28,13,loss,buyer,17,14,14,2021-01-15 11:57:43
47275,14,14,28,14,loss,buyer,14,14,14,2021-01-15 11:59:29
47275,20,14,28,15,loss,buyer,17,14,14,2021-01-15 12:01:36
47275,15,14,28,16,loss,buyer,17,14,14,2021-01-15 12:03:33
47275,14.5,14,28,17,loss,buyer,17,14,14,2021-01-15 12:05:40
47275,11,0,28,18,loss,buyer,17,14,14,2021-01-15 12:07:56
47275,14,14,28,19,loss,buyer,17,14,14,2021-01-15 12:09:23
47275,14,14,28,20,loss,buyer,18,14,14,2021-01-15 12:11:25
47463,3,9,1,1,loss,seller,8,10,10,2021-01-15 11:31:11
47463,10,9,1,2,loss,seller,6,10,10,2021-01-15 11:36:12
47463,15,0,1,3,loss,seller,6,13,10,2021-01-15 11:37:46
47463,10,13,1,4,loss,seller,5,14,12,2021-01-15 11:39:42
47463,10,13,1,5,loss,seller,7,14,13.5,2021-01-15 11:41:34
47463,12,13,1,6,loss,seller,8,14,14,2021-01-15 11:43:44
47463,12,13,1,7,loss,seller,8,14,14,2021-01-15 11:46:00
47463,13,13,1,8,loss,seller,6,14,14,2021-01-15 11:48:38
47463,13,13,1,9,loss,seller,7,14,14,2021-01-15 11:49:50
47463,13,13,1,10,loss,seller,7,14,14,2021-01-15 11:52:37
47463,15,11,25,11,loss,buyer,12,14,14,2021-01-15 11:53:50
47463,20,11,25,12,loss,buyer,16,14,14,2021-01-15 11:57:06
47463,20,11,25,13,loss,buyer,17,14,14,2021-01-15 11:57:27
47463,20,11,25,14,loss,buyer,14,14,14,2021-01-15 11:59:25
47463,20,11,25,15,loss,buyer,17,14,14,2021-01-15 12:01:44
47463,15,11,25,16,loss,buyer,17,14,14,2021-01-15 12:03:36
47463,15,11,25,17,loss,buyer,17,14,14,2021-01-15 12:06:13
47463,15,11,25,18,loss,buyer,17,14,14,2021-01-15 12:07:21
47463,15,11,25,19,loss,buyer,17,14,14,2021-01-15 12:09:42
47463,14,11,25,20,loss,buyer,18,14,14,2021-01-15 12:11:41
50768,16,0,16,1,loss,seller,8,10,10,2021-01-15 11:34:11
50768,16,0,16,2,loss,seller,6,10,10,2021-01-15 11:36:59
50768,16,0,16,3,loss,seller,6,13,10,2021-01-15 11:38:22
50768,20,0,16,4,loss,seller,5,14,12,2021-01-15 11:40:00
50768,12,-2,16,5,loss,seller,7,14,13,2021-01-15 11:41:32
50768,20,0,16,6,loss,seller,8,14,14,2021-01-15 11:43:53
50768,13,-2,16,7,loss,seller,8,14,14,2021-01-15 11:45:57
50768,16,0,16,8,loss,seller,6,14,14,2021-01-15 11:47:29
50768,18,0,16,9,loss,seller,7,14,14,2021-01-15 11:49:46
50768,17,0,16,10,loss,seller,7,14,14,2021-01-15 11:52:41
50768,18,0,18,11,loss,seller,12,14,14,2021-01-15 11:55:03
50768,18,0,18,12,loss,seller,16,14,14,2021-01-15 11:56:13
50768,14,-4,18,13,loss,seller,17,14,14,2021-01-15 11:57:38
50768,14,-4,18,14,loss,seller,14,14,14,2021-01-15 12:00:29
50768,14,-4,18,15,loss,seller,17,14,14,2021-01-15 12:01:20
50768,14,-4,18,16,loss,seller,17,14,14,2021-01-15 12:03:37
50768,14,-4,18,17,loss,seller,17,14,14,2021-01-15 12:05:26
50768,18,0,18,18,loss,seller,17,14,14,2021-01-15 12:08:11
50768,14,-4,18,19,loss,seller,17,14,14,2021-01-15 12:09:41
50768,18,0,18,20,loss,seller,18,14,14,2021-01-15 12:11:25
50986,14,0,12,1,gain,buyer,15,12,12,2021-01-15 11:30:58
50986,12,0,12,2,gain,buyer,17,12,12,2021-01-15 11:36:19
50986,11,0,12,3,gain,buyer,13,12,12,2021-01-15 11:37:48
50986,14,0,12,4,gain,buyer,17,12,12,2021-01-15 11:40:26
50986,15,-1,12,5,gain,buyer,14,13,12,2021-01-15 11:42:00
50986,16,-1,12,6,gain,buyer,16,13,13,2021-01-15 11:43:53
50986,16,-1,12,7,gain,buyer,16,13,13,2021-01-15 11:45:40
50986,17,-1,12,8,gain,buyer,15,13,13,2021-01-15 11:48:16
50986,17,-1,12,9,gain,buyer,14,13,13,2021-01-15 11:49:35
50986,17,-1,12,10,gain,buyer,13,13,13,2021-01-15 11:51:42
50986,18,-1,13,11,loss,buyer,12,14,14,2021-01-15 11:53:36
50986,13,0,13,12,loss,buyer,16,14,14,2021-01-15 11:56:26
50986,10,0,13,13,loss,buyer,17,14,14,2021-01-15 11:58:08
50986,9,0,13,14,loss,buyer,14,14,14,2021-01-15 12:00:31
50986,2,0,13,15,loss,buyer,17,14,14,2021-01-15 12:01:59
50986,9,0,13,16,loss,buyer,17,14,14,2021-01-15 12:04:37
50986,9,0,13,17,loss,buyer,17,14,14,2021-01-15 12:05:44
50986,5,0,13,18,loss,buyer,17,14,14,2021-01-15 12:08:33
50986,6,0,13,19,loss,buyer,17,14,14,2021-01-15 12:09:45
50986,10,0,13,20,loss,buyer,18,14,14,2021-01-15 12:11:16
51534,26,12,24,1,gain,buyer,15,12,12,2021-01-15 11:30:38
51534,22,12,24,2,gain,buyer,16,12,12,2021-01-15 11:36:04
51534,20,12,24,3,gain,buyer,13,12,12,2021-01-15 11:37:28
51534,28,12,24,4,gain,buyer,17,12,12,2021-01-15 11:39:28
51534,24,11,24,5,gain,buyer,14,13,12,2021-01-15 11:41:29
51534,19,11,24,6,gain,buyer,16,13,13,2021-01-15 11:43:27
51534,12,0,24,7,gain,buyer,16,13,13,2021-01-15 11:45:28
51534,11,0,24,8,gain,buyer,15,13,13,2021-01-15 11:47:33
51534,8,0,24,9,gain,buyer,14,13,13,2021-01-15 11:49:25
51534,29,11,24,10,gain,buyer,13,13,13,2021-01-15 11:51:29
51534,28,0,4,11,gain,seller,4,12.8,10,2021-01-15 11:53:45
51534,10,6,4,12,gain,seller,8,10,10,2021-01-15 11:55:37
51534,8,6,4,13,gain,seller,9,10,10,2021-01-15 11:57:35
51534,20,0,4,14,gain,seller,8,10,10,2021-01-15 11:59:54
51534,7,6,4,15,gain,seller,9,10,10,2021-01-15 12:01:34
51534,9.5,6,4,16,gain,seller,8,10,10,2021-01-15 12:03:39
51534,4,6,4,17,gain,seller,8,10,10,2021-01-15 12:05:36
51534,10.5,0,4,18,gain,seller,8,10,10,2021-01-15 12:07:28
51534,8.9,6,4,19,gain,seller,8,10,10,2021-01-15 12:09:18
51534,8.8,6,4,20,gain,seller,8,10,10,2021-01-15 12:11:17
51698,7,0,25,1,gain,buyer,15,12,12,2021-01-15 11:33:31
51698,13,13,25,2,gain,buyer,17,12,12,2021-01-15 11:37:06
51698,4,0,25,3,gain,buyer,13,12,12,2021-01-15 11:37:59
51698,23,13,25,4,gain,buyer,17,12,12,2021-01-15 11:39:40
51698,8,0,25,5,gain,buyer,14,13,12,2021-01-15 11:42:50
51698,13,12,25,6,gain,buyer,16,13,13,2021-01-15 11:44:15
51698,13,12,25,7,gain,buyer,16,13,13,2021-01-15 11:45:35
51698,13,12,25,8,gain,buyer,15,13,13,2021-01-15 11:48:10
51698,10,0,25,9,gain,buyer,14,13,13,2021-01-15 11:51:04
51698,15,12,25,10,gain,buyer,13,13,13,2021-01-15 11:51:43
51698,19,0,20,11,loss,seller,12,14,14,2021-01-15 11:55:00
51698,15,0,20,12,loss,seller,16,14,14,2021-01-15 11:55:54
51698,16,0,20,13,loss,seller,17,14,14,2021-01-15 11:58:31
51698,15,0,20,14,loss,seller,14,14,14,2021-01-15 12:00:09
51698,19,0,20,15,loss,seller,17,14,14,2021-01-15 12:02:02
51698,15,0,20,16,loss,seller,17,14,14,2021-01-15 12:03:45
51698,19,0,20,17,loss,seller,17,14,14,2021-01-15 12:05:46
51698,15,0,20,18,loss,seller,17,14,14,2021-01-15 12:07:26
51698,15,0,20,19,loss,seller,17,14,14,2021-01-15 12:10:02
51698,15,0,20,20,loss,seller,18,14,14,2021-01-15 12:11:39
51724,10,1,11,1,loss,buyer,8,10,10,2021-01-15 11:31:34
51724,10,1,11,2,loss,buyer,6,10,10,2021-01-15 11:35:45
51724,6,0,11,3,loss,buyer,5,14,10,2021-01-15 11:37:54
51724,10,0,11,4,loss,buyer,5,14,12,2021-01-15 11:40:09
51724,12,0,11,5,loss,buyer,7,14,13.5,2021-01-15 11:41:52
51724,14,-3,11,6,loss,buyer,8,14,14,2021-01-15 11:43:40
51724,14,-3,11,7,loss,buyer,8,14,14,2021-01-15 11:45:56
51724,7,0,11,8,loss,buyer,6,14,14,2021-01-15 11:47:47
51724,10,0,11,9,loss,buyer,7,14,14,2021-01-15 11:49:59
51724,15,-3,11,10,loss,buyer,7,14,14,2021-01-15 11:51:27
51724,14,0,19,11,gain,seller,4,12.8,10,2021-01-15 11:54:03
51724,14,0,19,12,gain,seller,8,10,10,2021-01-15 11:56:01
51724,20,0,19,13,gain,seller,9,10,10,2021-01-15 11:57:43
51724,19,0,19,14,gain,seller,8,10,10,2021-01-15 11:59:52
51724,14,0,19,15,gain,seller,8,10,10,2021-01-15 12:01:36
51724,20,0,19,16,gain,seller,7,10,10,2021-01-15 12:03:47
51724,19,0,19,17,gain,seller,9,10,10,2021-01-15 12:05:41
51724,15,0,19,18,gain,seller,8,10,10,2021-01-15 12:07:45
51724,14.1,0,19,19,gain,seller,8,10,10,2021-01-15 12:09:16
51724,14.01,0,19,20,gain,seller,9,10,10,2021-01-15 12:11:14
51914,6,0,10,1,gain,buyer,15,12,12,2021-01-15 11:33:24
51914,9,0,10,2,gain,buyer,15,12,12,2021-01-15 11:36:39
51914,13,-2,10,3,gain,buyer,13,12,12,2021-01-15 11:37:14
51914,11,0,10,4,gain,buyer,17,12,12,2021-01-15 11:40:04
51914,12,0,10,5,gain,buyer,14,13,12,2021-01-15 11:41:30
51914,13,-3,10,6,gain,buyer,16,13,13,2021-01-15 11:44:05
51914,8,0,10,7,gain,buyer,16,13,13,2021-01-15 11:45:14
51914,13,-3,10,8,gain,buyer,15,13,13,2021-01-15 11:47:39
51914,9,0,10,9,gain,buyer,14,13,13,2021-01-15 11:50:10
51914,9,0,10,10,gain,buyer,13,13,13,2021-01-15 11:51:31
51914,9,6,4,11,gain,seller,4,12.8,10,2021-01-15 11:53:23
51914,9,6,4,12,gain,seller,8,10,10,2021-01-15 11:56:16
51914,9,6,4,13,gain,seller,9,10,10,2021-01-15 11:57:48
51914,10,6,4,14,gain,seller,8,10,10,2021-01-15 11:59:59
51914,10,6,4,15,gain,seller,8,10,10,2021-01-15 12:01:41
51914,10,6,4,16,gain,seller,8,10,10,2021-01-15 12:03:33
51914,9,6,4,17,gain,seller,8,10,10,2021-01-15 12:05:47
51914,10,6,4,18,gain,seller,9,10,10,2021-01-15 12:07:37
51914,10,6,4,19,gain,seller,8,10,10,2021-01-15 12:09:38
51914,4,6,4,20,gain,seller,8,10,10,2021-01-15 12:11:30
54668,13,0,11,1,gain,seller,15,12,12,2021-01-15 11:30:25
54668,12,1,11,2,gain,seller,17,12,12,2021-01-15 11:36:06
54668,12,1,11,3,gain,seller,13,12,12,2021-01-15 11:38:39
54668,12,1,11,4,gain,seller,17,12,12,2021-01-15 11:39:41
54668,12,1,11,5,gain,seller,14,13,12,2021-01-15 11:41:23
54668,12,2,11,6,gain,seller,16,13,13,2021-01-15 11:43:19
54668,12,2,11,7,gain,seller,16,13,13,2021-01-15 11:45:28
54668,11,2,11,8,gain,seller,15,13,13,2021-01-15 11:47:22
54668,11,2,11,9,gain,seller,14,13,13,2021-01-15 11:49:21
54668,12,2,11,10,gain,seller,13,13,13,2021-01-15 11:51:29
54668,6,9,5,11,loss,seller,12,14,14,2021-01-15 11:53:31
54668,6,9,5,12,loss,seller,16,14,14,2021-01-15 11:55:17
54668,5,9,5,13,loss,seller,17,14,14,2021-01-15 11:57:23
54668,5,9,5,14,loss,seller,14,14,14,2021-01-15 11:59:13
54668,5,9,5,15,loss,seller,17,14,14,2021-01-15 12:01:25
54668,5,9,5,16,loss,seller,17,14,14,2021-01-15 12:03:20
54668,5,9,5,17,loss,seller,17,14,14,2021-01-15 12:05:19
54668,5,9,5,18,loss,seller,17,14,14,2021-01-15 12:07:14
54668,5,9,5,19,loss,seller,17,14,14,2021-01-15 12:09:27
54668,5,9,5,20,loss,seller,18,14,14,2021-01-15 12:11:30
55210,7,0,12,1,gain,seller,15,12,12,2021-01-15 11:30:26
55210,7,0,12,2,gain,seller,17,12,12,2021-01-15 11:35:23
55210,10,0,12,3,gain,seller,13,12,12,2021-01-15 11:37:24
55210,8.28,0,12,4,gain,seller,17,12,12,2021-01-15 11:39:33
55210,9.29,0,12,5,gain,seller,14,13,12,2021-01-15 11:41:26
55210,9.63,1,12,6,gain,seller,16,13,13,2021-01-15 11:43:31
55210,8.35,1,12,7,gain,seller,16,13,13,2021-01-15 11:45:25
55210,9.59,1,12,8,gain,seller,15,13,13,2021-01-15 11:47:29
55210,8.42,1,12,9,gain,seller,14,13,13,2021-01-15 11:49:40
55210,9.17,1,12,10,gain,seller,13,13,13,2021-01-15 11:51:40
55210,10.25,8,6,11,loss,seller,12,14,14,2021-01-15 11:53:19
55210,11.38,8,6,12,loss,seller,16,14,14,2021-01-15 11:55:33
55210,13.75,8,6,13,loss,seller,17,14,14,2021-01-15 11:57:16
55210,14.56,0,6,14,loss,seller,14,14,14,2021-01-15 11:59:25
55210,8.27,8,6,15,loss,seller,17,14,14,2021-01-15 12:01:31
55210,8.75,8,6,16,loss,seller,17,14,14,2021-01-15 12:03:21
55210,9.72,8,6,17,loss,seller,17,14,14,2021-01-15 12:05:44
55210,9.37,8,6,18,loss,seller,17,14,14,2021-01-15 12:07:18
55210,8.25,8,6,19,loss,seller,17,14,14,2021-01-15 12:09:17
55210,9.35,8,6,20,loss,seller,18,14,14,2021-01-15 12:11:14
56170,30,16,28,1,gain,buyer,15,12,12,2021-01-15 11:30:46
56170,13,16,28,2,gain,buyer,16,12,12,2021-01-15 11:36:26
56170,14,16,28,3,gain,buyer,13,12,12,2021-01-15 11:37:47
56170,5,0,28,4,gain,buyer,17,12,12,2021-01-15 11:39:51
56170,15,15,28,5,gain,buyer,14,13,12,2021-01-15 11:41:43
56170,18,15,28,6,gain,buyer,16,13,13,2021-01-15 11:43:39
56170,22,15,28,7,gain,buyer,16,13,13,2021-01-15 11:45:25
56170,24,15,28,8,gain,buyer,15,13,13,2021-01-15 11:47:45
56170,30,15,28,9,gain,buyer,14,13,13,2021-01-15 11:50:01
56170,33,15,28,10,gain,buyer,13,13,13,2021-01-15 11:51:49
56170,21,2,16,11,loss,buyer,12,14,14,2021-01-15 11:53:31
56170,21,2,16,12,loss,buyer,16,14,14,2021-01-15 11:56:07
56170,18,2,16,13,loss,buyer,17,14,14,2021-01-15 11:57:26
56170,20,2,16,14,loss,buyer,14,14,14,2021-01-15 11:59:56
56170,14,2,16,15,loss,buyer,17,14,14,2021-01-15 12:01:46
56170,18,2,16,16,loss,buyer,17,14,14,2021-01-15 12:03:40
56170,21,2,16,17,loss,buyer,17,14,14,2021-01-15 12:05:22
56170,20,2,16,18,loss,buyer,17,14,14,2021-01-15 12:07:25
56170,21,2,16,19,loss,buyer,17,14,14,2021-01-15 12:09:28
56170,21,2,16,20,loss,buyer,18,14,14,2021-01-15 12:11:29
56208,23,13,25,1,gain,buyer,15,12,12,2021-01-15 11:32:29
56208,25,13,25,2,gain,buyer,17,12,12,2021-01-15 11:36:48
56208,12,13,25,3,gain,buyer,14,12,12,2021-01-15 11:38:19
56208,14,13,25,4,gain,buyer,17,12,12,2021-01-15 11:40:06
56208,15,12,25,5,gain,buyer,14,13,12,2021-01-15 11:42:08
56208,18,12,25,6,gain,buyer,16,13,13,2021-01-15 11:43:43
56208,15,12,25,7,gain,buyer,16,13,13,2021-01-15 11:45:29
56208,15,12,25,8,gain,buyer,15,13,13,2021-01-15 11:47:35
56208,16,12,25,9,gain,buyer,14,13,13,2021-01-15 11:49:45
56208,17,12,25,10,gain,buyer,13,13,13,2021-01-15 11:51:37
56208,15,0,7,11,gain,seller,5,12.8,12,2021-01-15 11:53:39
56208,20,0,7,12,gain,seller,8,10,10,2021-01-15 11:56:08
56208,20,0,7,13,gain,seller,9,10,10,2021-01-15 11:57:40
56208,11,0,7,14,gain,seller,8,10,10,2021-01-15 11:59:59
56208,11,0,7,15,gain,seller,9,10,10,2021-01-15 12:01:57
56208,5,3,7,16,gain,seller,8,10,10,2021-01-15 12:03:43
56208,9,3,7,17,gain,seller,9,10,10,2021-01-15 12:06:02
56208,10,3,7,18,gain,seller,9,10,10,2021-01-15 12:08:08
56208,21,0,7,19,gain,seller,8,10,10,2021-01-15 12:09:29
56208,13,0,7,20,gain,seller,9,10,10,2021-01-15 12:11:54
59163,12.5,0,12,1,gain,seller,15,12,12,2021-01-15 11:31:09
59163,12,0,12,2,gain,seller,17,12,12,2021-01-15 11:36:10
59163,12,0,12,3,gain,seller,13,12,12,2021-01-15 11:38:07
59163,13,0,12,4,gain,seller,17,12,12,2021-01-15 11:40:02
59163,13.5,0,12,5,gain,seller,14,13,12,2021-01-15 11:42:11
59163,15,0,12,6,gain,seller,16,13,13,2021-01-15 11:44:00
59163,13,1,12,7,gain,seller,16,13,13,2021-01-15 11:45:54
59163,13,1,12,8,gain,seller,15,13,13,2021-01-15 11:48:16
59163,13.5,0,12,9,gain,seller,14,13,13,2021-01-15 11:50:06
59163,12.9,1,12,10,gain,seller,13,13,13,2021-01-15 11:51:44
59163,13,0,7,11,gain,seller,5,12.8,12,2021-01-15 11:53:55
59163,12,0,7,12,gain,seller,8,10,10,2021-01-15 11:55:58
59163,9.99,3,7,13,gain,seller,9,10,10,2021-01-15 11:57:27
59163,9.5,3,7,14,gain,seller,8,10,10,2021-01-15 12:00:05
59163,10,3,7,15,gain,seller,8,10,10,2021-01-15 12:01:33
59163,9,3,7,16,gain,seller,8,10,10,2021-01-15 12:04:10
59163,10,3,7,17,gain,seller,8,10,10,2021-01-15 12:05:43
59163,11,0,7,18,gain,seller,9,10,10,2021-01-15 12:07:46
59163,11,0,7,19,gain,seller,8,10,10,2021-01-15 12:10:29
59163,9,3,7,20,gain,seller,9,10,10,2021-01-15 12:11:33
59686,20,0,16,1,loss,seller,8,10,10,2021-01-15 11:31:43
59686,20,0,16,2,loss,seller,6,10,10,2021-01-15 11:36:11
59686,20,0,16,3,loss,seller,6,13,10,2021-01-15 11:37:50
59686,20,0,16,4,loss,seller,5,14,12,2021-01-15 11:39:59
59686,20,0,16,5,loss,seller,7,14,13,2021-01-15 11:41:36
59686,13,-2,16,6,loss,seller,8,14,14,2021-01-15 11:43:49
59686,20,0,16,7,loss,seller,8,14,14,2021-01-15 11:46:00
59686,20,0,16,8,loss,seller,6,14,14,2021-01-15 11:47:36
59686,20,0,16,9,loss,seller,7,14,14,2021-01-15 11:49:37
59686,22,0,16,10,loss,seller,7,14,14,2021-01-15 11:51:33
59686,20,14,28,11,loss,buyer,12,14,14,2021-01-15 11:53:57
59686,1,0,28,12,loss,buyer,16,14,14,2021-01-15 11:55:47
59686,5,0,28,13,loss,buyer,17,14,14,2021-01-15 11:58:02
59686,2,0,28,14,loss,buyer,14,14,14,2021-01-15 11:59:54
59686,15,14,28,15,loss,buyer,17,14,14,2021-01-15 12:01:43
59686,15,14,28,16,loss,buyer,17,14,14,2021-01-15 12:03:34
59686,20,14,28,17,loss,buyer,17,14,14,2021-01-15 12:05:42
59686,20,14,28,18,loss,buyer,17,14,14,2021-01-15 12:07:36
59686,22,14,28,19,loss,buyer,17,14,14,2021-01-15 12:09:36
59686,20,14,28,20,loss,buyer,18,14,14,2021-01-15 12:11:54
60599,16,0,17,1,gain,seller,15,12,12,2021-01-15 11:31:24
60599,18,0,17,2,gain,seller,17,12,12,2021-01-15 11:36:03
60599,17,0,17,3,gain,seller,13,12,12,2021-01-15 11:38:03
60599,13,0,17,4,gain,seller,17,12,12,2021-01-15 11:39:59
60599,12,-5,17,5,gain,seller,14,13,12,2021-01-15 11:41:38
60599,18,0,17,6,gain,seller,16,13,13,2021-01-15 11:43:38
60599,18,0,17,7,gain,seller,16,13,13,2021-01-15 11:45:49
60599,18,0,17,8,gain,seller,15,13,13,2021-01-15 11:47:36
60599,17,0,17,9,gain,seller,14,13,13,2021-01-15 11:49:32
60599,17,0,17,10,gain,seller,13,13,13,2021-01-15 11:51:43
60599,19,5,19,11,loss,buyer,12,14,14,2021-01-15 11:53:50
60599,22,5,19,12,loss,buyer,16,14,14,2021-01-15 11:55:43
60599,19,5,19,13,loss,buyer,17,14,14,2021-01-15 11:57:28
60599,19,5,19,14,loss,buyer,14,14,14,2021-01-15 11:59:44
60599,18,5,19,15,loss,buyer,17,14,14,2021-01-15 12:01:44
60599,19,5,19,16,loss,buyer,17,14,14,2021-01-15 12:03:24
60599,19,5,19,17,loss,buyer,17,14,14,2021-01-15 12:05:47
60599,19,5,19,18,loss,buyer,17,14,14,2021-01-15 12:07:22
60599,19,5,19,19,loss,buyer,17,14,14,2021-01-15 12:09:28
60599,19,5,19,20,loss,buyer,18,14,14,2021-01-15 12:11:20
61813,27,16,26,1,loss,buyer,8,10,10,2021-01-15 11:33:21
61813,11,16,26,2,loss,buyer,6,10,10,2021-01-15 11:37:09
61813,12,0,26,3,loss,buyer,6,13,10,2021-01-15 11:37:46
61813,17,14,26,4,loss,buyer,5,14,12,2021-01-15 11:40:28
61813,16,13,26,5,loss,buyer,7,14,13,2021-01-15 11:42:28
61813,15,12,26,6,loss,buyer,8,14,14,2021-01-15 11:44:08
61813,14,12,26,7,loss,buyer,8,14,14,2021-01-15 11:45:51
61813,15,12,26,8,loss,buyer,6,14,14,2021-01-15 11:47:45
61813,14,12,26,9,loss,buyer,7,14,14,2021-01-15 11:49:57
61813,15,12,26,10,loss,buyer,7,14,14,2021-01-15 11:51:36
61813,12,2,10,11,gain,seller,5,12.8,12,2021-01-15 11:54:00
61813,12.5,0,10,12,gain,seller,8,10,10,2021-01-15 11:55:50
61813,10.7,0,10,13,gain,seller,9,10,10,2021-01-15 11:57:52
61813,9.8,0,10,14,gain,seller,8,10,10,2021-01-15 11:59:43
61813,10,0,10,15,gain,seller,8,10,10,2021-01-15 12:01:45
61813,10,0,10,16,gain,seller,8,10,10,2021-01-15 12:03:32
61813,10,0,10,17,gain,seller,9,10,10,2021-01-15 12:05:36
61813,7,0,10,18,gain,seller,9,10,10,2021-01-15 12:07:54
61813,10,0,10,19,gain,seller,8,10,10,2021-01-15 12:09:46
61813,10.2,0,10,20,gain,seller,9,10,10,2021-01-15 12:13:16
63998,30,0,20,1,gain,seller,15,12,12,2021-01-15 11:30:52
63998,25,0,20,2,gain,seller,17,12,12,2021-01-15 11:35:42
63998,25,0,20,3,gain,seller,13,12,12,2021-01-15 11:38:22
63998,40,0,20,4,gain,seller,17,12,12,2021-01-15 11:40:12
63998,22,0,20,5,gain,seller,14,13,12,2021-01-15 11:41:25
63998,21,0,20,6,gain,seller,16,13,13,2021-01-15 11:43:33
63998,15,0,20,7,gain,seller,16,13,13,2021-01-15 11:45:47
63998,25,0,20,8,gain,seller,15,13,13,2021-01-15 11:47:49
63998,25,0,20,9,gain,seller,14,13,13,2021-01-15 11:49:32
63998,25,0,20,10,gain,seller,13,13,13,2021-01-15 11:51:23
63998,23,0,15,11,loss,seller,12,14,14,2021-01-15 11:53:33
63998,23,0,15,12,loss,seller,16,14,14,2021-01-15 11:55:42
63998,40,0,15,13,loss,seller,17,14,14,2021-01-15 11:57:40
63998,23,0,15,14,loss,seller,14,14,14,2021-01-15 11:59:38
63998,23,0,15,15,loss,seller,17,14,14,2021-01-15 12:01:27
63998,13,-1,15,16,loss,seller,17,14,14,2021-01-15 12:03:26
63998,13,-1,15,17,loss,seller,17,14,14,2021-01-15 12:05:53
63998,10,-1,15,18,loss,seller,17,14,14,2021-01-15 12:07:46
63998,10,-1,15,19,loss,seller,17,14,14,2021-01-15 12:09:57
63998,13,-1,15,20,loss,seller,18,14,14,2021-01-15 12:12:29
65917,16,3,15,1,gain,buyer,15,12,12,2021-01-15 11:30:23
65917,18,3,15,2,gain,buyer,15,12,12,2021-01-15 11:35:27
65917,16,3,15,3,gain,buyer,13,12,12,2021-01-15 11:37:33
65917,20,3,15,4,gain,buyer,17,12,12,2021-01-15 11:39:32
65917,18,2,15,5,gain,buyer,14,13,12,2021-01-15 11:41:44
65917,4,0,15,6,gain,buyer,16,13,13,2021-01-15 11:43:26
65917,11,0,15,7,gain,buyer,16,13,13,2021-01-15 11:45:31
65917,8,0,15,8,gain,buyer,15,13,13,2021-01-15 11:47:45
65917,11,0,15,9,gain,buyer,14,13,13,2021-01-15 11:49:37
65917,8,0,15,10,gain,buyer,13,13,13,2021-01-15 11:51:21
65917,8.88,0,11,11,gain,buyer,4,12.8,10,2021-01-15 11:53:58
65917,14,1,11,12,gain,buyer,8,10,10,2021-01-15 11:56:11
65917,12,1,11,13,gain,buyer,9,10,10,2021-01-15 11:58:40
65917,10,1,11,14,gain,buyer,8,10,10,2021-01-15 11:59:34
65917,10,1,11,15,gain,buyer,9,10,10,2021-01-15 12:02:24
65917,8,0,11,16,gain,buyer,8,10,10,2021-01-15 12:04:10
65917,10,1,11,17,gain,buyer,9,10,10,2021-01-15 12:05:40
65917,10.1,1,11,18,gain,buyer,8,10,10,2021-01-15 12:07:26
65917,10,1,11,19,gain,buyer,8,10,10,2021-01-15 12:09:43
65917,10.3,1,11,20,gain,buyer,8,10,10,2021-01-15 12:11:34
66746,10,3,7,1,loss,seller,8,10,10,2021-01-15 11:33:19
66746,10,3,7,2,loss,seller,6,10,10,2021-01-15 11:35:47
66746,10,6,7,3,loss,seller,6,13,10,2021-01-15 11:37:41
66746,10,7,7,4,loss,seller,5,14,12,2021-01-15 11:39:43
66746,10,7,7,5,loss,seller,7,14,13,2021-01-15 11:41:24
66746,10,7,7,6,loss,seller,8,14,14,2021-01-15 11:44:21
66746,10,7,7,7,loss,seller,8,14,14,2021-01-15 11:45:37
66746,10,7,7,8,loss,seller,6,14,14,2021-01-15 11:47:29
66746,10,7,7,9,loss,seller,7,14,14,2021-01-15 11:49:54
66746,10,7,7,10,loss,seller,7,14,14,2021-01-15 11:51:20
66746,20,0,15,11,loss,seller,12,14,14,2021-01-15 11:53:23
66746,16,0,15,12,loss,seller,16,14,14,2021-01-15 11:55:28
66746,16,0,15,13,loss,seller,17,14,14,2021-01-15 11:57:34
66746,16,0,15,14,loss,seller,14,14,14,2021-01-15 11:59:22
66746,16,0,15,15,loss,seller,17,14,14,2021-01-15 12:01:35
66746,16,0,15,16,loss,seller,17,14,14,2021-01-15 12:04:04
66746,16,0,15,17,loss,seller,17,14,14,2021-01-15 12:05:16
66746,16,0,15,18,loss,seller,17,14,14,2021-01-15 12:07:28
66746,16,0,15,19,loss,seller,17,14,14,2021-01-15 12:09:50
66746,16,0,15,20,loss,seller,18,14,14,2021-01-15 12:11:13
67047,30,0,15,1,gain,seller,15,12,12,2021-01-15 11:31:01
67047,20,0,15,2,gain,seller,17,12,12,2021-01-15 11:36:15
67047,30,0,15,3,gain,seller,13,12,12,2021-01-15 11:37:36
67047,22,0,15,4,gain,seller,17,12,12,2021-01-15 11:39:39
67047,18,0,15,5,gain,seller,14,13,12,2021-01-15 11:41:39
67047,20,0,15,6,gain,seller,16,13,13,2021-01-15 11:43:41
67047,20,0,15,7,gain,seller,16,13,13,2021-01-15 11:45:36
67047,18,0,15,8,gain,seller,15,13,13,2021-01-15 11:47:30
67047,18,0,15,9,gain,seller,14,13,13,2021-01-15 11:49:36
67047,17.5,0,15,10,gain,seller,13,13,13,2021-01-15 11:51:28
67047,16,0,5,11,loss,seller,12,14,14,2021-01-15 11:53:37
67047,7,9,5,12,loss,seller,16,14,14,2021-01-15 11:56:05
67047,10,9,5,13,loss,seller,17,14,14,2021-01-15 11:57:49
67047,15,0,5,14,loss,seller,14,14,14,2021-01-15 11:59:49
67047,10,9,5,15,loss,seller,17,14,14,2021-01-15 12:01:48
67047,10,9,5,16,loss,seller,17,14,14,2021-01-15 12:03:40
67047,10,9,5,17,loss,seller,17,14,14,2021-01-15 12:05:45
67047,11,9,5,18,loss,seller,17,14,14,2021-01-15 12:07:51
67047,12,9,5,19,loss,seller,17,14,14,2021-01-15 12:09:39
67047,13,9,5,20,loss,seller,18,14,14,2021-01-15 12:11:28
68254,5,9,3,1,gain,seller,15,12,12,2021-01-15 11:30:32
68254,7,9,3,2,gain,seller,17,12,12,2021-01-15 11:37:06
68254,9,9,3,3,gain,seller,13,12,12,2021-01-15 11:38:00
68254,11,9,3,4,gain,seller,17,12,12,2021-01-15 11:39:52
68254,11,9,3,5,gain,seller,14,13,12,2021-01-15 11:42:01
68254,12,10,3,6,gain,seller,16,13,13,2021-01-15 11:43:47
68254,12,10,3,7,gain,seller,16,13,13,2021-01-15 11:45:45
68254,12,10,3,8,gain,seller,15,13,13,2021-01-15 11:48:02
68254,12,10,3,9,gain,seller,14,13,13,2021-01-15 11:49:43
68254,12,10,3,10,gain,seller,13,13,13,2021-01-15 11:51:46
68254,12,9,5,11,loss,seller,12,14,14,2021-01-15 11:53:43
68254,13,9,5,12,loss,seller,16,14,14,2021-01-15 11:55:47
68254,13,9,5,13,loss,seller,17,14,14,2021-01-15 11:57:29
68254,13.9,9,5,14,loss,seller,14,14,14,2021-01-15 11:59:46
68254,13.9,9,5,15,loss,seller,17,14,14,2021-01-15 12:02:05
68254,13.9,9,5,16,loss,seller,17,14,14,2021-01-15 12:03:33
68254,13,9,5,17,loss,seller,17,14,14,2021-01-15 12:06:06
68254,13,9,5,18,loss,seller,17,14,14,2021-01-15 12:07:27
68254,13,9,5,19,loss,seller,17,14,14,2021-01-15 12:09:45
68254,13,9,5,20,loss,seller,18,14,14,2021-01-15 12:11:28
69947,13,13,25,1,gain,buyer,15,12,12,2021-01-15 11:31:29
69947,12.5,13,25,2,gain,buyer,17,12,12,2021-01-15 11:36:06
69947,12,13,25,3,gain,buyer,13,12,12,2021-01-15 11:38:17
69947,13,13,25,4,gain,buyer,17,12,12,2021-01-15 11:39:46
69947,25,12,25,5,gain,buyer,14,13,12,2021-01-15 11:41:40
69947,12,0,25,6,gain,buyer,16,13,13,2021-01-15 11:44:03
69947,25,12,25,7,gain,buyer,16,13,13,2021-01-15 11:46:13
69947,25,12,25,8,gain,buyer,15,13,13,2021-01-15 11:47:34
69947,13,12,25,9,gain,buyer,14,13,13,2021-01-15 11:49:27
69947,13,12,25,10,gain,buyer,13,13,13,2021-01-15 11:51:32
69947,13,0,10,11,loss,buyer,12,14,14,2021-01-15 11:53:39
69947,15,-4,10,12,loss,buyer,16,14,14,2021-01-15 11:56:17
69947,10,0,10,13,loss,buyer,17,14,14,2021-01-15 11:57:42
69947,5,0,10,14,loss,buyer,14,14,14,2021-01-15 11:59:39
69947,0,0,10,15,loss,buyer,17,14,14,2021-01-15 12:01:27
69947,0,0,10,16,loss,buyer,17,14,14,2021-01-15 12:03:19
69947,0,0,10,17,loss,buyer,17,14,14,2021-01-15 12:05:16
69947,0,0,10,18,loss,buyer,17,14,14,2021-01-15 12:07:15
69947,0,0,10,19,loss,buyer,17,14,14,2021-01-15 12:09:16
69947,0,0,10,20,loss,buyer,18,14,14,2021-01-15 12:11:14
70587,21,0,19,1,loss,seller,8,10,10,2021-01-15 11:30:46
70587,20,0,19,2,loss,seller,6,10,10,2021-01-15 11:35:49
70587,21,0,19,3,loss,seller,6,13,10,2021-01-15 11:37:29
70587,15,0,19,4,loss,seller,5,14,12,2021-01-15 11:40:39
70587,14,0,19,5,loss,seller,7,14,13,2021-01-15 11:41:54
70587,14,-5,19,6,loss,seller,8,14,14,2021-01-15 11:43:46
70587,15,0,19,7,loss,seller,8,14,14,2021-01-15 11:46:02
70587,14,-5,19,8,loss,seller,6,14,14,2021-01-15 11:47:53
70587,14,-5,19,9,loss,seller,7,14,14,2021-01-15 11:49:37
70587,15,0,19,10,loss,seller,7,14,14,2021-01-15 11:51:30
70587,11,3,11,11,loss,seller,12,14,14,2021-01-15 11:55:07
70587,11,3,11,12,loss,seller,16,14,14,2021-01-15 11:55:39
70587,10,3,11,13,loss,seller,17,14,14,2021-01-15 11:57:19
70587,10,3,11,14,loss,seller,14,14,14,2021-01-15 11:59:51
70587,9,3,11,15,loss,seller,17,14,14,2021-01-15 12:02:19
70587,8,3,11,16,loss,seller,17,14,14,2021-01-15 12:03:45
70587,9,3,11,17,loss,seller,17,14,14,2021-01-15 12:06:12
70587,10,3,11,18,loss,seller,17,14,14,2021-01-15 12:07:22
70587,10,3,11,19,loss,seller,17,14,14,2021-01-15 12:09:22
70587,8,3,11,20,loss,seller,18,14,14,2021-01-15 12:11:37
70826,20,0,20,1,gain,seller,15,12,12,2021-01-15 11:31:41
70826,20,0,20,2,gain,seller,17,12,12,2021-01-15 11:37:32
70826,15,0,20,3,gain,seller,13,12,12,2021-01-15 11:38:20
70826,25,0,20,4,gain,seller,17,12,12,2021-01-15 11:40:07
70826,25,0,20,5,gain,seller,14,13,12,2021-01-15 11:41:47
70826,20,0,20,6,gain,seller,16,13,13,2021-01-15 11:43:31
70826,20,0,20,7,gain,seller,16,13,13,2021-01-15 11:45:33
70826,20,0,20,8,gain,seller,15,13,13,2021-01-15 11:47:28
70826,20,0,20,9,gain,seller,14,13,13,2021-01-15 11:49:20
70826,15,0,20,10,gain,seller,13,13,13,2021-01-15 11:51:41
70826,7,5,7,11,gain,seller,5,12.8,12,2021-01-15 11:53:24
70826,6,3,7,12,gain,seller,8,10,10,2021-01-15 11:56:16
70826,7,3,7,13,gain,seller,9,10,10,2021-01-15 11:57:49
70826,7,3,7,14,gain,seller,8,10,10,2021-01-15 11:59:19
70826,7,3,7,15,gain,seller,9,10,10,2021-01-15 12:01:47
70826,7,3,7,16,gain,seller,7,10,10,2021-01-15 12:03:54
70826,7,3,7,17,gain,seller,9,10,10,2021-01-15 12:05:13
70826,7,3,7,18,gain,seller,9,10,10,2021-01-15 12:07:29
70826,7,3,7,19,gain,seller,8,10,10,2021-01-15 12:09:43
70826,7,3,7,20,gain,seller,8,10,10,2021-01-15 12:11:23
71098,23,12,24,1,gain,buyer,15,12,12,2021-01-15 11:32:28
71098,0,0,24,2,gain,buyer,17,12,12,2021-01-15 11:36:54
71098,10,0,24,3,gain,buyer,13,12,12,2021-01-15 11:38:17
71098,13,12,24,4,gain,buyer,17,12,12,2021-01-15 11:39:29
71098,14,11,24,5,gain,buyer,14,13,12,2021-01-15 11:41:36
71098,14,11,24,6,gain,buyer,16,13,13,2021-01-15 11:43:28
71098,15,11,24,7,gain,buyer,16,13,13,2021-01-15 11:45:27
71098,20,11,24,8,gain,buyer,15,13,13,2021-01-15 11:47:49
71098,13,11,24,9,gain,buyer,14,13,13,2021-01-15 11:49:51
71098,13,11,24,10,gain,buyer,13,13,13,2021-01-15 11:51:36
71098,13,0,28,11,loss,buyer,12,14,14,2021-01-15 11:53:24
71098,14,14,28,12,loss,buyer,16,14,14,2021-01-15 11:55:44
71098,14,14,28,13,loss,buyer,17,14,14,2021-01-15 11:57:24
71098,14,14,28,14,loss,buyer,14,14,14,2021-01-15 11:59:18
71098,14,14,28,15,loss,buyer,17,14,14,2021-01-15 12:01:21
71098,14,14,28,16,loss,buyer,17,14,14,2021-01-15 12:03:44
71098,14,14,28,17,loss,buyer,17,14,14,2021-01-15 12:05:33
71098,14,14,28,18,loss,buyer,17,14,14,2021-01-15 12:07:27
71098,14,14,28,19,loss,buyer,17,14,14,2021-01-15 12:09:29
71098,14,14,28,20,loss,buyer,18,14,14,2021-01-15 12:11:21
71112,4.06,NA,9,1,gain,seller,NA,NA,NA,2021-01-15 11:37:19
71538,3,10,2,1,gain,seller,15,12,12,2021-01-15 11:31:27
71538,4,10,2,2,gain,seller,16,12,12,2021-01-15 11:36:25
71538,12,10,2,3,gain,seller,13,12,12,2021-01-15 11:37:42
71538,12,10,2,4,gain,seller,17,12,12,2021-01-15 11:39:58
71538,13,0,2,5,gain,seller,14,13,12,2021-01-15 11:41:54
71538,12,11,2,6,gain,seller,16,13,13,2021-01-15 11:43:30
71538,13,11,2,7,gain,seller,16,13,13,2021-01-15 11:45:44
71538,13,11,2,8,gain,seller,15,13,13,2021-01-15 11:47:34
71538,13,11,2,9,gain,seller,14,13,13,2021-01-15 11:49:47
71538,13,11,2,10,gain,seller,13,13,13,2021-01-15 11:51:23
71538,13,-1,15,11,loss,seller,12,14,14,2021-01-15 11:54:12
71538,15,0,15,12,loss,seller,16,14,14,2021-01-15 11:55:43
71538,15,0,15,13,loss,seller,17,14,14,2021-01-15 11:57:58
71538,15,0,15,14,loss,seller,14,14,14,2021-01-15 11:59:50
71538,15,0,15,15,loss,seller,17,14,14,2021-01-15 12:02:17
71538,15,0,15,16,loss,seller,17,14,14,2021-01-15 12:04:02
71538,15,0,15,17,loss,seller,17,14,14,2021-01-15 12:05:54
71538,15,0,15,18,loss,seller,17,14,14,2021-01-15 12:07:42
71538,15,0,15,19,loss,seller,17,14,14,2021-01-15 12:09:37
71538,15,0,15,20,loss,seller,18,14,14,2021-01-15 12:12:11
73765,6,0,15,1,gain,buyer,15,12,12,2021-01-15 11:30:38
73765,13,3,15,2,gain,buyer,17,12,12,2021-01-15 11:35:48
73765,12,3,15,3,gain,buyer,13,12,12,2021-01-15 11:38:10
73765,12,3,15,4,gain,buyer,17,12,12,2021-01-15 11:40:26
73765,8,0,15,5,gain,buyer,14,13,12,2021-01-15 11:41:55
73765,9,0,15,6,gain,buyer,16,13,13,2021-01-15 11:43:40
73765,13,2,15,7,gain,buyer,16,13,13,2021-01-15 11:45:32
73765,13,2,15,8,gain,buyer,15,13,13,2021-01-15 11:48:05
73765,13,2,15,9,gain,buyer,14,13,13,2021-01-15 11:49:39
73765,0,0,15,10,gain,buyer,13,13,13,2021-01-15 11:51:30
73765,13,0,16,11,gain,seller,5,12.8,12,2021-01-15 11:53:37
73765,18,0,16,12,gain,seller,8,10,10,2021-01-15 11:55:53
73765,16,0,16,13,gain,seller,9,10,10,2021-01-15 11:57:38
73765,11,0,16,14,gain,seller,8,10,10,2021-01-15 11:59:42
73765,16,0,16,15,gain,seller,9,10,10,2021-01-15 12:01:55
73765,11,0,16,16,gain,seller,8,10,10,2021-01-15 12:03:38
73765,16,0,16,17,gain,seller,9,10,10,2021-01-15 12:05:48
73765,30,0,16,18,gain,seller,9,10,10,2021-01-15 12:07:36
73765,16,0,16,19,gain,seller,8,10,10,2021-01-15 12:09:41
73765,16,0,16,20,gain,seller,8,10,10,2021-01-15 12:11:44
75539,10.5,4,8,1,gain,seller,15,12,12,2021-01-15 11:30:43
75539,11,4,8,2,gain,seller,17,12,12,2021-01-15 11:36:15
75539,11,4,8,3,gain,seller,13,12,12,2021-01-15 11:37:47
75539,12,4,8,4,gain,seller,17,12,12,2021-01-15 11:39:57
75539,12,4,8,5,gain,seller,14,13,12,2021-01-15 11:41:45
75539,12,5,8,6,gain,seller,16,13,13,2021-01-15 11:44:08
75539,13,5,8,7,gain,seller,16,13,13,2021-01-15 11:45:50
75539,15,0,8,8,gain,seller,15,13,13,2021-01-15 11:48:01
75539,13,5,8,9,gain,seller,14,13,13,2021-01-15 11:49:50
75539,13,5,8,10,gain,seller,13,13,13,2021-01-15 11:51:39
75539,20,0,16,11,gain,seller,4,12.8,10,2021-01-15 11:54:43
75539,12,0,16,12,gain,seller,8,10,10,2021-01-15 11:55:43
75539,11,0,16,13,gain,seller,9,10,10,2021-01-15 11:58:08
75539,39,0,16,14,gain,seller,8,10,10,2021-01-15 12:00:01
75539,11,0,16,15,gain,seller,8,10,10,2021-01-15 12:01:41
75539,11,0,16,16,gain,seller,7,10,10,2021-01-15 12:03:48
75539,12,0,16,17,gain,seller,9,10,10,2021-01-15 12:05:23
75539,11,0,16,18,gain,seller,8,10,10,2021-01-15 12:07:39
75539,11,0,16,19,gain,seller,8,10,10,2021-01-15 12:09:30
75539,11.42,0,16,20,gain,seller,8,10,10,2021-01-15 12:12:05
76810,10,3,9,1,gain,seller,15,12,12,2021-01-15 11:31:26
76810,10,3,9,2,gain,seller,17,12,12,2021-01-15 11:36:16
76810,10,3,9,3,gain,seller,13,12,12,2021-01-15 11:37:22
76810,9,3,9,4,gain,seller,17,12,12,2021-01-15 11:39:34
76810,10,3,9,5,gain,seller,14,13,12,2021-01-15 11:41:25
76810,10,4,9,6,gain,seller,16,13,13,2021-01-15 11:43:15
76810,10,4,9,7,gain,seller,16,13,13,2021-01-15 11:45:29
76810,10,4,9,8,gain,seller,15,13,13,2021-01-15 11:47:23
76810,10,4,9,9,gain,seller,14,13,13,2021-01-15 11:49:26
76810,10,4,9,10,gain,seller,13,13,13,2021-01-15 11:51:17
76810,10,0,10,11,gain,seller,4,12.8,10,2021-01-15 11:53:37
76810,10,0,10,12,gain,seller,8,10,10,2021-01-15 11:55:36
76810,10,0,10,13,gain,seller,9,10,10,2021-01-15 11:57:18
76810,10,0,10,14,gain,seller,8,10,10,2021-01-15 11:59:22
76810,10,0,10,15,gain,seller,9,10,10,2021-01-15 12:01:33
76810,10,0,10,16,gain,seller,8,10,10,2021-01-15 12:04:10
76810,11,0,10,17,gain,seller,9,10,10,2021-01-15 12:05:24
76810,10,0,10,18,gain,seller,9,10,10,2021-01-15 12:07:32
76810,10,0,10,19,gain,seller,8,10,10,2021-01-15 12:09:41
76810,10,0,10,20,gain,seller,9,10,10,2021-01-15 12:11:49
80621,18,6,18,1,gain,buyer,15,12,12,2021-01-15 11:31:42
80621,17,6,18,2,gain,buyer,17,12,12,2021-01-15 11:36:38
80621,12,6,18,3,gain,buyer,13,12,12,2021-01-15 11:38:45
80621,13,6,18,4,gain,buyer,17,12,12,2021-01-15 11:40:10
80621,12,0,18,5,gain,buyer,14,13,12,2021-01-15 11:41:24
80621,20,5,18,6,gain,buyer,16,13,13,2021-01-15 11:43:38
80621,15,5,18,7,gain,buyer,16,13,13,2021-01-15 11:45:34
80621,15,5,18,8,gain,buyer,15,13,13,2021-01-15 11:47:32
80621,15,5,18,9,gain,buyer,14,13,13,2021-01-15 11:49:21
80621,14,5,18,10,gain,buyer,13,13,13,2021-01-15 11:51:35
80621,15,0,6,11,loss,seller,12,14,14,2021-01-15 11:53:20
80621,10,8,6,12,loss,seller,16,14,14,2021-01-15 11:55:38
80621,10,8,6,13,loss,seller,17,14,14,2021-01-15 11:57:54
80621,10,8,6,14,loss,seller,14,14,14,2021-01-15 11:59:57
80621,10,8,6,15,loss,seller,17,14,14,2021-01-15 12:01:51
80621,13.9,8,6,16,loss,seller,17,14,14,2021-01-15 12:03:53
80621,13.9,8,6,17,loss,seller,17,14,14,2021-01-15 12:05:32
80621,13.5,8,6,18,loss,seller,17,14,14,2021-01-15 12:07:18
80621,13.5,8,6,19,loss,seller,17,14,14,2021-01-15 12:09:40
80621,13.5,8,6,20,loss,seller,18,14,14,2021-01-15 12:11:12
85719,15,10,20,1,loss,buyer,8,10,10,2021-01-15 11:30:57
85719,10,10,20,2,loss,buyer,6,10,10,2021-01-15 11:37:25
85719,5,0,20,3,loss,buyer,6,13,10,2021-01-15 11:37:59
85719,15,8,20,4,loss,buyer,5,14,12,2021-01-15 11:40:46
85719,10,0,20,5,loss,buyer,7,14,13,2021-01-15 11:42:08
85719,14,6,20,6,loss,buyer,8,14,14,2021-01-15 11:44:01
85719,13,0,20,7,loss,buyer,8,14,14,2021-01-15 11:46:44
85719,15,6,20,8,loss,buyer,6,14,14,2021-01-15 11:48:06
85719,14,6,20,9,loss,buyer,7,14,14,2021-01-15 11:49:30
85719,12,0,20,10,loss,buyer,7,14,14,2021-01-15 11:51:48
85719,15,0,9,11,loss,seller,12,14,14,2021-01-15 11:54:02
85719,14,5,9,12,loss,seller,16,14,14,2021-01-15 11:55:43
85719,14,5,9,13,loss,seller,17,14,14,2021-01-15 11:57:46
85719,14,5,9,14,loss,seller,14,14,14,2021-01-15 12:00:05
85719,14,5,9,15,loss,seller,17,14,14,2021-01-15 12:01:59
85719,15,0,9,16,loss,seller,17,14,14,2021-01-15 12:04:57
85719,14,5,9,17,loss,seller,17,14,14,2021-01-15 12:07:06
85719,13,5,9,18,loss,seller,17,14,14,2021-01-15 12:07:35
85719,12,5,9,19,loss,seller,17,14,14,2021-01-15 12:09:33
85719,14,5,9,20,loss,seller,18,14,14,2021-01-15 12:11:59
90281,8,6,4,1,loss,seller,8,10,10,2021-01-15 11:33:08
90281,15,0,4,2,loss,seller,6,10,10,2021-01-15 11:37:01
90281,10,9,4,3,loss,seller,6,13,10,2021-01-15 11:39:10
90281,12,10,4,4,loss,seller,5,14,12,2021-01-15 11:41:06
90281,13,10,4,5,loss,seller,7,14,13,2021-01-15 11:43:12
90281,15,0,4,6,loss,seller,8,14,14,2021-01-15 11:45:08
90281,14,10,4,7,loss,seller,8,14,14,2021-01-15 11:47:05
90281,15,0,4,8,loss,seller,6,14,14,2021-01-15 11:49:08
90281,14,10,4,9,loss,seller,7,14,14,2021-01-15 11:51:06
90281,14,10,4,10,loss,seller,7,14,14,2021-01-15 11:53:06
90281,14,1.1999999999999993,14,11,gain,buyer,4,12.8,10,2021-01-15 11:55:02
90281,8,0,14,12,gain,buyer,8,10,10,2021-01-15 11:57:05
90281,11,4,14,13,gain,buyer,9,10,10,2021-01-15 11:59:04
90281,10,4,14,14,gain,buyer,8,10,10,2021-01-15 12:01:03
90281,10.5,4,14,15,gain,buyer,9,10,10,2021-01-15 12:03:10
90281,11,4,14,16,gain,buyer,8,10,10,2021-01-15 12:05:08
90281,11,4,14,17,gain,buyer,9,10,10,2021-01-15 12:07:08
90281,12,4,14,18,gain,buyer,9,10,10,2021-01-15 12:09:11
90281,10.2,4,14,19,gain,buyer,8,10,10,2021-01-15 12:11:01
90281,10,4,14,20,gain,buyer,9,10,10,2021-01-15 12:13:16
92104,12,0,12,1,gain,buyer,15,12,12,2021-01-15 11:31:29
92104,16,0,12,2,gain,buyer,17,12,12,2021-01-15 11:35:47
92104,14,0,12,3,gain,buyer,14,12,12,2021-01-15 11:37:22
92104,15,0,12,4,gain,buyer,17,12,12,2021-01-15 11:39:33
92104,17,-1,12,5,gain,buyer,14,13,12,2021-01-15 11:41:57
92104,16,-1,12,6,gain,buyer,16,13,13,2021-01-15 11:43:39
92104,14,-1,12,7,gain,buyer,16,13,13,2021-01-15 11:45:28
92104,15,-1,12,8,gain,buyer,15,13,13,2021-01-15 11:47:33
92104,17,-1,12,9,gain,buyer,14,13,13,2021-01-15 11:49:40
92104,13,-1,12,10,gain,buyer,13,13,13,2021-01-15 11:51:15
92104,5,11,3,11,loss,seller,12,14,14,2021-01-15 11:53:48
92104,10,11,3,12,loss,seller,16,14,14,2021-01-15 11:55:15
92104,14,11,3,13,loss,seller,17,14,14,2021-01-15 11:57:39
92104,13.5,11,3,14,loss,seller,14,14,14,2021-01-15 11:59:22
92104,4,11,3,15,loss,seller,17,14,14,2021-01-15 12:01:32
92104,10,11,3,16,loss,seller,17,14,14,2021-01-15 12:03:40
92104,13,11,3,17,loss,seller,17,14,14,2021-01-15 12:06:04
92104,10,11,3,18,loss,seller,17,14,14,2021-01-15 12:07:25
92104,13.9,11,3,19,loss,seller,17,14,14,2021-01-15 12:09:25
92104,13,11,3,20,loss,seller,18,14,14,2021-01-15 12:11:39
92257,15,0,13,1,loss,seller,8,10,10,2021-01-15 11:32:07
92257,13,0,13,2,loss,seller,6,10,10,2021-01-15 11:36:45
92257,10,0,13,3,loss,seller,6,13,10,2021-01-15 11:37:35
92257,14,0,13,4,loss,seller,5,14,12,2021-01-15 11:39:48
92257,14,0,13,5,loss,seller,7,14,13.5,2021-01-15 11:41:55
92257,14,1,13,6,loss,seller,8,14,14,2021-01-15 11:43:29
92257,15,0,13,7,loss,seller,8,14,14,2021-01-15 11:45:41
92257,15,0,13,8,loss,seller,6,14,14,2021-01-15 11:48:05
92257,14,1,13,9,loss,seller,7,14,14,2021-01-15 11:50:09
92257,14,1,13,10,loss,seller,7,14,14,2021-01-15 11:51:39
92257,14,2,12,11,loss,seller,12,14,14,2021-01-15 11:54:01
92257,14,2,12,12,loss,seller,16,14,14,2021-01-15 11:55:35
92257,15,0,12,13,loss,seller,17,14,14,2021-01-15 11:57:41
92257,15,0,12,14,loss,seller,14,14,14,2021-01-15 11:59:42
92257,14.5,0,12,15,loss,seller,17,14,14,2021-01-15 12:01:33
92257,14,2,12,16,loss,seller,17,14,14,2021-01-15 12:03:33
92257,14,2,12,17,loss,seller,17,14,14,2021-01-15 12:05:42
92257,14,2,12,18,loss,seller,17,14,14,2021-01-15 12:07:32
92257,14,2,12,19,loss,seller,17,14,14,2021-01-15 12:09:17
92257,14,2,12,20,loss,seller,18,14,14,2021-01-15 12:11:30
92509,25,12,24,1,gain,buyer,15,12,12,2021-01-15 11:34:41
92509,12,12,24,2,gain,buyer,18,12,12,2021-01-15 11:38:19
92509,12,12,24,3,gain,buyer,15,12,12,2021-01-15 11:40:11
92509,10,0,24,4,gain,buyer,17,12,12,2021-01-15 11:40:59
92509,18,11,24,5,gain,buyer,14,13,12,2021-01-15 11:41:55
92509,20,11,24,6,gain,buyer,16,13,13,2021-01-15 11:43:45
92509,22,11,24,7,gain,buyer,16,13,13,2021-01-15 11:46:00
92509,13,11,24,8,gain,buyer,15,13,13,2021-01-15 11:47:46
92509,13,11,24,9,gain,buyer,14,13,13,2021-01-15 11:50:44
92509,12,0,24,10,gain,buyer,13,13,13,2021-01-15 11:51:43
92509,13.5,0,10,11,loss,buyer,12,14,14,2021-01-15 11:53:53
92509,15,-4,10,12,loss,buyer,16,14,14,2021-01-15 11:55:37
92509,10,0,10,13,loss,buyer,17,14,14,2021-01-15 11:57:53
92509,0,0,10,14,loss,buyer,14,14,14,2021-01-15 12:00:10
92509,10,0,10,15,loss,buyer,17,14,14,2021-01-15 12:01:43
92509,10,0,10,16,loss,buyer,17,14,14,2021-01-15 12:03:36
92509,10,0,10,17,loss,buyer,17,14,14,2021-01-15 12:06:25
92509,15,-4,10,18,loss,buyer,17,14,14,2021-01-15 12:07:34
92509,10,0,10,19,loss,buyer,17,14,14,2021-01-15 12:10:02
92509,10,0,10,20,loss,buyer,18,14,14,2021-01-15 12:12:37
93037,17,0,15,1,gain,seller,15,12,12,2021-01-15 11:30:25
93037,19,0,15,2,gain,seller,16,12,12,2021-01-15 11:36:40
93037,15,0,15,3,gain,seller,13,12,12,2021-01-15 11:37:25
93037,16,0,15,4,gain,seller,17,12,12,2021-01-15 11:39:46
93037,16,0,15,5,gain,seller,14,13,12,2021-01-15 11:41:55
93037,15.1,0,15,6,gain,seller,16,13,13,2021-01-15 11:43:54
93037,15.1,0,15,7,gain,seller,16,13,13,2021-01-15 11:45:30
93037,15.1,0,15,8,gain,seller,15,13,13,2021-01-15 11:47:56
93037,15.1,0,15,9,gain,seller,14,13,13,2021-01-15 11:49:54
93037,15.1,0,15,10,gain,seller,13,13,13,2021-01-15 11:51:25
93037,12,3,11,11,loss,seller,12,14,14,2021-01-15 11:53:27
93037,12,3,11,12,loss,seller,16,14,14,2021-01-15 11:55:55
93037,12,3,11,13,loss,seller,17,14,14,2021-01-15 11:57:33
93037,12,3,11,14,loss,seller,14,14,14,2021-01-15 11:59:30
93037,13,3,11,15,loss,seller,17,14,14,2021-01-15 12:01:31
93037,14,3,11,16,loss,seller,17,14,14,2021-01-15 12:03:36
93037,14,3,11,17,loss,seller,17,14,14,2021-01-15 12:05:39
93037,14,3,11,18,loss,seller,17,14,14,2021-01-15 12:07:33
93037,14,3,11,19,loss,seller,17,14,14,2021-01-15 12:09:35
93037,14,3,11,20,loss,seller,18,14,14,2021-01-15 12:11:26
93480,3,0,14,1,loss,buyer,8,10,10,2021-01-15 11:30:06
93480,2,0,14,2,loss,buyer,6,10,10,2021-01-15 11:35:12
93480,3,0,14,3,loss,buyer,5,14,10,2021-01-15 11:37:14
93480,4,0,14,4,loss,buyer,5,14,12,2021-01-15 11:39:13
93480,5,0,14,5,loss,buyer,7,14,13,2021-01-15 11:41:15
93480,2,0,14,6,loss,buyer,8,14,14,2021-01-15 11:43:21
93480,6,0,14,7,loss,buyer,8,14,14,2021-01-15 11:45:16
93480,4,0,14,8,loss,buyer,6,14,14,2021-01-15 11:47:11
93480,6,0,14,9,loss,buyer,7,14,14,2021-01-15 11:49:10
93480,8,0,14,10,loss,buyer,7,14,14,2021-01-15 11:51:19
93480,9,0,16,11,loss,buyer,12,14,14,2021-01-15 11:53:27
93480,11,0,16,12,loss,buyer,16,14,14,2021-01-15 11:55:13
93480,15,2,16,13,loss,buyer,17,14,14,2021-01-15 11:57:14
93480,16,2,16,14,loss,buyer,14,14,14,2021-01-15 11:59:24
93480,20,2,16,15,loss,buyer,17,14,14,2021-01-15 12:01:14
93480,14,2,16,16,loss,buyer,17,14,14,2021-01-15 12:03:16
93480,16,2,16,17,loss,buyer,17,14,14,2021-01-15 12:05:15
93480,17,2,16,18,loss,buyer,17,14,14,2021-01-15 12:07:31
93480,18,2,16,19,loss,buyer,17,14,14,2021-01-15 12:09:20
93480,16,2,16,20,loss,buyer,18,14,14,2021-01-15 12:11:30
95889,25,13,23,1,loss,buyer,8,10,10,2021-01-15 11:32:15
95889,23,13,23,2,loss,buyer,6,10,10,2021-01-15 11:35:47
95889,23,13,23,3,loss,buyer,5,14,10,2021-01-15 11:38:18
95889,23,11,23,4,loss,buyer,5,14,12,2021-01-15 11:40:05
95889,23,9.5,23,5,loss,buyer,7,14,13.5,2021-01-15 11:41:50
95889,23,9,23,6,loss,buyer,8,14,14,2021-01-15 11:43:28
95889,23,9,23,7,loss,buyer,8,14,14,2021-01-15 11:45:26
95889,23,9,23,8,loss,buyer,6,14,14,2021-01-15 11:47:41
95889,23,9,23,9,loss,buyer,7,14,14,2021-01-15 11:49:28
95889,23,9,23,10,loss,buyer,7,14,14,2021-01-15 11:51:15
95889,13,0,13,11,gain,seller,4,12.8,10,2021-01-15 11:53:37
95889,10,-3,13,12,gain,seller,8,10,10,2021-01-15 11:55:40
95889,10,-3,13,13,gain,seller,9,10,10,2021-01-15 11:57:29
95889,10,-3,13,14,gain,seller,8,10,10,2021-01-15 11:59:19
95889,10,-3,13,15,gain,seller,9,10,10,2021-01-15 12:01:19
95889,10,-3,13,16,gain,seller,8,10,10,2021-01-15 12:03:22
95889,13,0,13,17,gain,seller,9,10,10,2021-01-15 12:06:10
95889,13,0,13,18,gain,seller,9,10,10,2021-01-15 12:07:45
95889,13,0,13,19,gain,seller,8,10,10,2021-01-15 12:09:35
95889,13,0,13,20,gain,seller,9,10,10,2021-01-15 12:11:36
96461,20,0,18,1,gain,seller,15,12,12,2021-01-15 11:31:23
96461,15,0,18,2,gain,seller,17,12,12,2021-01-15 11:36:30
96461,13,0,18,3,gain,seller,13,12,12,2021-01-15 11:38:07
96461,13,0,18,4,gain,seller,17,12,12,2021-01-15 11:39:44
96461,13,0,18,5,gain,seller,14,13,12,2021-01-15 11:42:10
96461,13,-5,18,6,gain,seller,16,13,13,2021-01-15 11:43:18
96461,13.5,0,18,7,gain,seller,16,13,13,2021-01-15 11:46:03
96461,13,-5,18,8,gain,seller,15,13,13,2021-01-15 11:47:36
96461,13.1,0,18,9,gain,seller,14,13,13,2021-01-15 11:49:41
96461,13.5,0,18,10,gain,seller,13,13,13,2021-01-15 11:51:51
96461,14,1,15,11,loss,buyer,12,14,14,2021-01-15 11:53:33
96461,15,1,15,12,loss,buyer,16,14,14,2021-01-15 11:55:32
96461,16,1,15,13,loss,buyer,17,14,14,2021-01-15 11:57:41
96461,16,1,15,14,loss,buyer,14,14,14,2021-01-15 12:00:06
96461,16,1,15,15,loss,buyer,17,14,14,2021-01-15 12:01:38
96461,18,1,15,16,loss,buyer,17,14,14,2021-01-15 12:03:35
96461,17,1,15,17,loss,buyer,17,14,14,2021-01-15 12:05:38
96461,16,1,15,18,loss,buyer,17,14,14,2021-01-15 12:07:33
96461,15,1,15,19,loss,buyer,17,14,14,2021-01-15 12:09:25
96461,16,1,15,20,loss,buyer,18,14,14,2021-01-15 12:11:33
98185,9,3,9,1,gain,seller,15,12,12,2021-01-15 11:31:58
98185,9,3,9,2,gain,seller,17,12,12,2021-01-15 11:37:31
98185,14,0,9,3,gain,seller,13,12,12,2021-01-15 11:37:53
98185,12,3,9,4,gain,seller,17,12,12,2021-01-15 11:39:28
98185,13,0,9,5,gain,seller,14,13,12,2021-01-15 11:41:33
98185,14,0,9,6,gain,seller,16,13,13,2021-01-15 11:43:27
98185,10,4,9,7,gain,seller,16,13,13,2021-01-15 11:45:41
98185,7,4,9,8,gain,seller,15,13,13,2021-01-15 11:47:45
98185,6,4,9,9,gain,seller,14,13,13,2021-01-15 11:49:40
98185,11,4,9,10,gain,seller,13,13,13,2021-01-15 11:51:23
98185,12,0,13,11,gain,seller,4,12.8,10,2021-01-15 11:53:34
98185,9,-3,13,12,gain,seller,8,10,10,2021-01-15 11:55:24
98185,13,0,13,13,gain,seller,9,10,10,2021-01-15 11:57:30
98185,13.8,0,13,14,gain,seller,8,10,10,2021-01-15 11:59:38
98185,9,-3,13,15,gain,seller,9,10,10,2021-01-15 12:01:35
98185,20,0,13,16,gain,seller,8,10,10,2021-01-15 12:03:43
98185,12,0,13,17,gain,seller,8,10,10,2021-01-15 12:05:29
98185,10,-3,13,18,gain,seller,9,10,10,2021-01-15 12:07:53
98185,30,0,13,19,gain,seller,8,10,10,2021-01-15 12:10:08
98185,12.9,0,13,20,gain,seller,9,10,10,2021-01-15 12:12:01
98200,20,16,28,1,gain,buyer,15,12,12,2021-01-15 11:30:48
98200,15,16,28,2,gain,buyer,17,12,12,2021-01-15 11:37:06
98200,16,16,28,3,gain,buyer,14,12,12,2021-01-15 11:38:53
98200,14,16,28,4,gain,buyer,17,12,12,2021-01-15 11:40:06
98200,13,15,28,5,gain,buyer,14,13,12,2021-01-15 11:41:52
98200,13,15,28,6,gain,buyer,16,13,13,2021-01-15 11:43:45
98200,20,15,28,7,gain,buyer,16,13,13,2021-01-15 11:45:53
98200,15,15,28,8,gain,buyer,15,13,13,2021-01-15 11:48:05
98200,20,15,28,9,gain,buyer,14,13,13,2021-01-15 11:50:01
98200,18,15,28,10,gain,buyer,13,13,13,2021-01-15 11:51:59
98200,14,0,13,11,gain,seller,4,12.8,10,2021-01-15 11:53:32
98200,11,0,13,12,gain,seller,8,10,10,2021-01-15 11:55:30
98200,10,-3,13,13,gain,seller,9,10,10,2021-01-15 11:57:47
98200,10,-3,13,14,gain,seller,8,10,10,2021-01-15 11:59:43
98200,10,-3,13,15,gain,seller,9,10,10,2021-01-15 12:01:32
98200,10,-3,13,16,gain,seller,8,10,10,2021-01-15 12:03:21
98200,10,-3,13,17,gain,seller,9,10,10,2021-01-15 12:05:21
98200,10,-3,13,18,gain,seller,8,10,10,2021-01-15 12:07:33
98200,10,-3,13,19,gain,seller,8,10,10,2021-01-15 12:09:20
98200,10,-3,13,20,gain,seller,9,10,10,2021-01-15 12:11:17
98696,7,7,5,1,gain,seller,15,12,12,2021-01-15 11:31:17
98696,8,7,5,2,gain,seller,17,12,12,2021-01-15 11:36:18
98696,11,7,5,3,gain,seller,13,12,12,2021-01-15 11:37:49
98696,12,7,5,4,gain,seller,17,12,12,2021-01-15 11:40:21
98696,12,7,5,5,gain,seller,14,13,12,2021-01-15 11:41:59
98696,13,8,5,6,gain,seller,16,13,13,2021-01-15 11:43:59
98696,13,8,5,7,gain,seller,16,13,13,2021-01-15 11:45:35
98696,13,8,5,8,gain,seller,15,13,13,2021-01-15 11:47:50
98696,24,0,5,9,gain,seller,14,13,13,2021-01-15 11:49:41
98696,13,8,5,10,gain,seller,13,13,13,2021-01-15 11:51:17
98696,13,6,8,11,loss,seller,12,14,14,2021-01-15 11:53:28
98696,14,6,8,12,loss,seller,16,14,14,2021-01-15 11:55:35
98696,14,6,8,13,loss,seller,17,14,14,2021-01-15 11:57:30
98696,15,0,8,14,loss,seller,14,14,14,2021-01-15 11:59:49
98696,14,6,8,15,loss,seller,17,14,14,2021-01-15 12:01:24
98696,14,6,8,16,loss,seller,17,14,14,2021-01-15 12:03:52
98696,14,6,8,17,loss,seller,17,14,14,2021-01-15 12:05:32
98696,14,6,8,18,loss,seller,17,14,14,2021-01-15 12:07:40
98696,14,6,8,19,loss,seller,17,14,14,2021-01-15 12:09:26
98696,14,6,8,20,loss,seller,18,14,14,2021-01-15 12:11:25
99864,12,0,12,1,gain,buyer,15,12,12,2021-01-15 11:32:01
99864,12,0,12,2,gain,buyer,17,12,12,2021-01-15 11:35:43
99864,15,0,12,3,gain,buyer,13,12,12,2021-01-15 11:38:39
99864,17,0,12,4,gain,buyer,17,12,12,2021-01-15 11:39:46
99864,9,0,12,5,gain,buyer,14,13,12,2021-01-15 11:42:04
99864,14,-1,12,6,gain,buyer,16,13,13,2021-01-15 11:43:27
99864,15,-1,12,7,gain,buyer,16,13,13,2021-01-15 11:45:39
99864,11,0,12,8,gain,buyer,15,13,13,2021-01-15 11:47:52
99864,15,-1,12,9,gain,buyer,14,13,13,2021-01-15 11:49:39
99864,14,-1,12,10,gain,buyer,13,13,13,2021-01-15 11:52:34
99864,18,0,17,11,loss,seller,12,14,14,2021-01-15 11:53:37
99864,14,-3,17,12,loss,seller,15,14,14,2021-01-15 11:55:34
99864,18,0,17,13,loss,seller,17,14,14,2021-01-15 11:57:43
99864,14,-3,17,14,loss,seller,14,14,14,2021-01-15 11:59:31
99864,14.33,0,17,15,loss,seller,17,14,14,2021-01-15 12:01:30
99864,13,-3,17,16,loss,seller,17,14,14,2021-01-15 12:03:45
99864,13.99,-3,17,17,loss,seller,17,14,14,2021-01-15 12:05:55
99864,12,-3,17,18,loss,seller,17,14,14,2021-01-15 12:07:31
99864,20,0,17,19,loss,seller,17,14,14,2021-01-15 12:09:39
99864,14,-3,17,20,loss,seller,18,14,14,2021-01-15 12:11:36
